"comment","intent","primary_driver","value_orientation","affect"
"so amazingly said , well said , well truth !","Neutral/Observation","Economic Necessity","Collectivist-Nation","Hopeful/Motivated"
"KEEP MAKING VIDEOS !!!!!! ⚽️⚽️⚽️🎮🎮","Neutral/Observation","Economic Necessity","Individualist-Self","Hopeful/Motivated"
"Main problem vaneko naie ecomony ho mitra ....hamro paisa kamjor vayo tei vayera manxae bahera janxan <br>Jaba samma hamro paisa baliyo hudaina taba samma bidesh jana naie parxa","Neutral/Observation","Economic Necessity","Collectivist-Nation","Pragmatic"
"What is the use of staying in Nepal unless you are politician or their relatives?","Pro-Migration","Systemic/Political Anger","Individualist-Self","Angry/Frustrated"
"Patrakar haru lagi parnu paryo... virws lagi hoina desh ko lagi","Anti-Migration","Patriotism/Love","Collectivist-Nation","Hopeful/Motivated"
"Jholey haru cha ta ... kamauna... sikill bhale ta samjhane ho3 ba namarunjel","Neutral/Observation","Systemic/Political Anger","Collectivist-Nation","Angry/Frustrated"
"Nepali life is much for fulfilling than life abroad!","Anti-Migration","Patriotism/Love","Individualist-Self","Hopeful/Motivated"
"A very pressing problem of Nepal that must be addressed asap!","Neutral/Observation","Systemic/Political Anger","Collectivist-Nation","Hopeful/Motivated"
"A b pant right version and right report","Neutral/Observation","Economic Necessity","Individualist-Self","Pragmatic"
"Is Nepal on the Verge of Losing Its Youth? के नेपाल आफ्नो युवापुस्तालाई गुमाउने संघारमा छ? <a href=""https://www.youtube.com/live/UgeYdADxqs0?si=jhjcvXNh_IuRGJwU"">https://www.youtube.com/live/UgeYdADxqs0?si=jhjcvXNh_IuRGJwU</a>","Neutral/Observation","Systemic/Political Anger","Collectivist-Nation","Despairing/Sad"
"To all those who are drowning in self pity in the comments:<br>Yea the corruption and politicians are bullshit but the youths are no better. Opportunities xaina bhane banau natw, learn skills through internet instead of watching reels, and do something that actually matters. It is eaay to get success in a country which has no basic facilities because let&#39;s be hobest, you don&#39;t need new innovations. Youths have the power, we are active and can protest but guess what everyone is too selfish. Bahira pani sukha xaina I have seen many of my friends suffer due to high cost of living. Only go to foreign country if you can&#39;t afford basic living here. Self pity is the biggest problem.","Anti-Migration","Systemic/Political Anger","Collectivist-Nation","Hopeful/Motivated"
"So valuable content dai thanks ❤","Neutral/Observation","Economic Necessity","Collectivist-Nation","Hopeful/Motivated"
"Desh bigareko neta lai dosh hoina...guu khane jhole abujh  Gen Z youth haru le garda ho...ek number jhole prasad ta Gen Z hudo raixa...yo kura maile sarkari college ma padda realize vako ho...students union ko name ma neta ko jhola bokne guu khane ko paxi hidne Gen Z nai ho country ko culprit 😡😡","Neutral/Observation","Systemic/Political Anger","Collectivist-Nation","Angry/Frustrated"
"सबै देश को सिस्टम दुरुपयोग को कारण हो हाम्रो देशमा ठुलो रोग छ त्यो हो २/४ जना बुढा  काम नलाग्ने नालायक उल्टो बुद्धि बोकेका नेताहरू<br>मलाई अति धेरै गुनासो छ बुढा नेताहरु प्रति केहि छैन मैले पनि अमेरिका जाने सपना बुन्दै छु😢","Neutral/Observation","Systemic/Political Anger","Collectivist-Nation","Despairing/Sad"
"bhai DV varis ??? time chhaina hai garihal video ta US basera ni banaauna sakincha","Pro-Migration","Economic Necessity","Individualist-Self","Pragmatic"
"Amazing content brother 🔥🔥🔥🔥","Neutral/Observation","Economic Necessity","Individualist-Self","Hopeful/Motivated"
"Nepali people&#39;s young and children are future citizens of forigen country like United kingdom, USA, Japan,India, Australia, exc,","Neutral/Observation","Economic Necessity","Collectivist-Nation","Despairing/Sad"
"Nepal is just a waste of money… as an entrepreneur. <br>1st business : Restaurants ( loss)<br>2nd business: online jewellery shop (loss)<br>3rd business ( groceries) a huge loss <br>4th business: clothing ( loss) <br>Well the reason I figured out is Nepal is very expensive to do anything for middle class business men. The profit margin is very low . Now I invested 20 lakh and now I am earning 2-3 lakh a month’s. And it’s (EUROPE) worth investment.. loan panii clear profit nai profit 😂😂","Pro-Migration","Economic Necessity","Individualist-Self","Despairing/Sad"
"Sad reality.","Neutral/Observation","Economic Necessity","Collectivist-Nation","Despairing/Sad"
"sabai thok huncha tara 2085 ma hunxa naya leader auxa usle sabai thok garxa wait for the right time... hunxa","Neutral/Observation","Systemic/Political Anger","Collectivist-Nation","Pragmatic"
"Haami sunne matrai ho hjr kehi garna sakdainau 😂 hai haami harulai haami aafnai Nepali Janata aafnai daju bahini bare kehi matlab xaina bhane IE  lutera haruko k matlab😔 huna ta ho iniharukai karan ho Tara 🙏🙏🙏🙏🙏🙏🙏","Neutral/Observation","Systemic/Political Anger","Collectivist-Nation","Angry/Frustrated"
"Best thing to do in Nepal is LEAVE THE COUNTRY !!!!!!!!!","Pro-Migration","Economic Necessity","Individualist-Self","Angry/Frustrated"
"I know there is a lack of job opportunities and less salary but before blaming politicians just think what you guys are doing. Leaving your country and showing your nationalism in social media is never an option. Its you who build your country","Anti-Migration","Systemic/Political Anger","Collectivist-Nation","Pragmatic"
"Come to europe","Pro-Migration","Economic Necessity","Individualist-Self","Pragmatic"
"Right लौरो टेकेर देश चलाउने नेता हरु लाई नहटाई नेपाल बन्दिन मर्ने बेला के नेता बन्न परेको होला","Anti-Migration","Systemic/Political Anger","Collectivist-Nation","Angry/Frustrated"
"Nepal land will be bought by many industrialists in future at cheap price","Neutral/Observation","Systemic/Political Anger","Collectivist-Nation","Despairing/Sad"
"Corruption will never stop in Nepal. Which is the root cause of all this problem","Neutral/Observation","Systemic/Political Anger","Collectivist-Nation","Despairing/Sad"
"यो भिडियो ले त अब म पनि यतै सेटल हुनु जस्तो लाग्यो।","Pro-Migration","Economic Necessity","Individualist-Self","Despairing/Sad"
"Mero naam Ganesh bahadur Rajak ho mero October mahinako antim last date samma USA ko immigrant visa ma USA settlement hunxu with all my family","Pro-Migration","Economic Necessity","Individualist-Self","Pragmatic"
"I am in Malaysia now, you have mentioned exactly the things which I had thought, Thanks ❤ for this wonderful contents,  I love you.<br><br><br>Living away from family sucks every second , bro 😢,<br>Most of the time we have to face exploitation 😢,  the thef leaders would never understand our pain, because they and their children never face it.<br><br><br>I have been doing research for many years,  And Try to understand our economic better,  along with all the other countries economic. Please Let me know if you need any information , I may add an unique aspects to them.","Anti-Migration","Patriotism/Love","Collectivist-Nation","Hopeful/Motivated"
"sir d47 visa ko barema research garerw haldinu parney vyoo hjur leaa ..ailea 3 vanda mathii ko gpa vako lea matraa d2 visa ma jana paine bhanya xa but official notice kataii pani xaina ani 2.84 xa sir mero gpa aba d47 visa ma janu vanxa mailea gardaii gareko consaldency lea ..ani aba hjur ko yo video herikana euta matra consaldency ko kuraa sunnu hunna bhanerw 3 4 wota ma bujeko harek consaldency ko kura farak xaa ..ielts pani gareko thiyee 5.5 aako xaa kina bhane xitoo bhanda xito garnu parcha bhanerw 21 days matra class gayeko thiyee 28 september samma testo keii kura thiyenw october  5 dekhii 3 gpa bhanda thoraii lea mildaina bhanerw vannu vyo consaldency ko sir lea aru consaldency laii bujda panii yaii vanxan ..ma lagayat dheraii student haru laii ekdamaiii garoo parya xa sir ..kasko biswas garne k garne keii thaxaina hjur tw content create garnu hunxa ani information haru hami students haru laii dinu hunna yo topik ma euta videoo banaii dinu paryo sir ..ma matraa hoina southkorea jane dheraiii sathyy haru laii yeslee garoo paryaa xa ..","Neutral/Observation","Economic Necessity","Individualist-Self","Pragmatic"
"<a href=""https://www.youtube.com/watch?v=YRwlDwWEBew&amp;t=182"">3:02</a> “pailaa nepali haru saudi qatar jaaney garthey bhaney aaile padhelekheko nepali australia japan jaaney garekoxan” re? fix your statement bro khaadi bhandaima anpadh manxe matra aauney haina yaha bujheu kei bolnu aghi sochera bola. ani k khaadi jaaney haru chai anpadh bhannu khojeko ho timile? <br>im extremely offended by your words. <br>i’m not an PHD scholar but im well educated and still decided to come to qatar to chase my dreams and i can proudly say that im earning way more than my friends who’s in japan australia etc etc!","Neutral/Observation","Systemic/Political Anger","Collectivist-Nation","Angry/Frustrated"
"ma pani jadai xu 😢","Pro-Migration","Economic Necessity","Individualist-Self","Despairing/Sad"
"33 crore vagwan vako desh ma 33/3 =11 each  one is looked by 11 god no worries","Neutral/Observation","Systemic/Political Anger","Collectivist-Nation","Pragmatic"
"It&#39;s a time to show such  authentic case study in the meeting time of opmcm ..","Neutral/Observation","Systemic/Political Anger","Collectivist-Nation","Pragmatic"
"Today&#39;s burning issue in which Nepal government is deaf and silent.","Neutral/Observation","Systemic/Political Anger","Collectivist-Nation","Angry/Frustrated"
"maila private ma pada ko ho ani school lai maila paisa pay gara ko how government invest on me","Neutral/Observation","Systemic/Political Anger","Collectivist-Nation","Angry/Frustrated"
"Yo desh ma gari khane khaita batabaran banai deko yo varatiye dalali haru le kasko chai future xa yo desh ma nata teacher nata doctor scientists nata businessman nata students khai ta gari khane bato banai deko vako jati sabai desh xodi rahexa","Neutral/Observation","Systemic/Political Anger","Collectivist-Nation","Angry/Frustrated"
"As long as not let the Chinese government change Nepal, Nepal will rise again!","Anti-Migration","Systemic/Political Anger","Collectivist-Nation","Hopeful/Motivated"
"If I take a step back, post-World War 2, both Germany and Japan&#39;s youth and the entire nation worked hard to rebuild their nation. Some such sense needs to be imbibed right at the school stage in Nepal so as to bring nation-building pride and economic contentment. It is not a very long haul, but rightly done, we can perhaps see positive results in just over a decade. Just blaming the government is an excuse. But sadly to majority of Nepali youths this sounds like poetry. Social media and peer pressure is spoiling our young minds right at the school level leaving an already jeopardized nation to darker abyss. Our boys and girls want to settle the rest of their lives in the best nations (Mostly just following the trend and FOMO). Economic reason is not universal in all migrations.<br><br>BUT BEWARE. REVERSE MIGRATION is happening. The developed host nations like Canada, US, Australia, Japan are already getting overwhelmed with migrants from poor countries. Lack of housing, rising food prices and electricity bills, racism, safety, long process for healthcare facilities and lack of jobs are just the struggles that has to be kept in mind. People from some poor countries are returning back to their nations citing above mentioned reasons. That is going to increase more. ANTI IMMIGRATION SENTIMENTS IS ON THE RISE. They are fed up of brown/black/asian skins. It’s a truth even if they don’t express. Migrant baseko area ma gora haru mostly basdainan. <br>   But at the end it is all Poetry. 😅. Des banauney kam ma ko lagcha? Kehi faida chaina. Netaharuley bananuna parney ho des. Hamro kam  ho ra? Bidesko chillo bato, aglo building, hariyo park and sea beach samjhiyepachi control nai hudaina. Jasari bhayepani gayincha hai?<br><br>Just my two cents","Anti-Migration","Systemic/Political Anger","Collectivist-Nation","Hopeful/Motivated"
"janasankik ho ... pronounce properly ...if u cant prononuce it in different language","Neutral/Observation","Economic Necessity","Individualist-Self","Pragmatic"
"<a href=""https://www.youtube.com/watch?v=YRwlDwWEBew&amp;t=692"">11:32</a> laugh but reality 😢😂","Neutral/Observation","Systemic/Political Anger","Collectivist-Nation","Angry/Frustrated"
"Paisa bhayepani nabhayepani sabaile le desh chadchan chadchan, kina ki ahile yo sabai global trend ho. Jaha paisa dherai subidha dherai kamauchan tehi manxe daudine ho aajkal. Kim jon un jasto tanasaha dictator le matra janta lai aafno desh ma tharkayera trashh dekhayera rakhna sakcha, developed desh le kasari aafno ukasna aru kamjor desh ko ke halat garcha tyo kura sabai lai tha bhayeko awastha ho.","Pro-Migration","Systemic/Political Anger","Individualist-Self","Despairing/Sad"
"Sochdai bas randiko xori haru, prgati hudena TYO desh ko… kharba lagani garxa arba gojima hule paxi ghanta ko development hunxa..","Neutral/Observation","Systemic/Political Anger","Collectivist-Nation","Angry/Frustrated"
"Aru malai thaha xaina marriage huna Lai sablai garo hunxa","Neutral/Observation","Economic Necessity","Individualist-Self","Despairing/Sad"
"देश विकास न भाको मुख्य कारण नेपालमा बस्ने नेपाली हरु को अनुसासन न भएर हो ,आरु को खुटा तान्ने हरु धेरै छन्, अरु  हरु लाई  हिन्सा गर्छन्","Anti-Migration","Systemic/Political Anger","Collectivist-Nation","Angry/Frustrated"
"Income less, want more or expensive. Hard to fill wants and week security of life.","Neutral/Observation","Economic Necessity","Individualist-Self","Despairing/Sad"
"Unfortunately, Nepal is a failing country.","Neutral/Observation","Systemic/Political Anger","Collectivist-Nation","Despairing/Sad"
"Mahabir pun lai nai herau na  k ko laaamo kura","Anti-Migration","Systemic/Political Anger","Collectivist-Nation","Angry/Frustrated"
"Bahun bokne kam banda garau Nepal banau Jay balen Jay harka","Anti-Migration","Systemic/Political Anger","Collectivist-Nation","Angry/Frustrated"
"Studying in Nepal is like wasting time and money .. sad but true","Neutral/Observation","Economic Necessity","Collectivist-Nation","Despairing/Sad"
"मलाई ९-१० वर्ष अगाडि खासै मतलब लाग्दैन थियो तर विगत २-३ वर्षमा म बाहेक मेंरो सबै साथीहरु र दाजु भाइ हरु विदेशिएको देख्दा मलाई दार लाग्न थाल्यो। परिवारमा सबैलाई हेर्ने म मात्र बाँकी छ यहाँ।","Neutral/Observation","Systemic/Political Anger","Collectivist-Nation","Despairing/Sad"
"Yopali EDV varne wala  koko hunuhunxa yeta aamta","Pro-Migration","Economic Necessity","Individualist-Self","Pragmatic"
"Euta video Lumbini Development Trust ko corruption ra politics ma ni banaunu paryo","Neutral/Observation","Systemic/Political Anger","Collectivist-Nation","Angry/Frustrated"
"Idea thik cha but every video khali negetive thought one sisan baniya also said  tyo maybe timlai vanya hola !","Neutral/Observation","Systemic/Political Anger","Collectivist-Nation","Pragmatic"
"Sala corruption garney muji haru le desh nai khattam banayo yrr 😭<br>Yo kura ekdum seriously bhujne ho vane suru ma bidesh jau<br>Tya ko rules, system hernu bhujnu ani tha pauxa sala kasto samma chor haru le dhubako xa hamro Desh <br>Koi individual lai farkina nai man hudaina <br>Everything we invest in Nepal goes directly or indirectly to this corrupted Government.","Neutral/Observation","Systemic/Political Anger","Collectivist-Nation","Angry/Frustrated"
"Excellent explanation","Neutral/Observation","Economic Necessity","Collectivist-Nation","Hopeful/Motivated"
"धेरै सिक्नुपर्ने भिडियो।🎉❤","Neutral/Observation","Economic Necessity","Collectivist-Nation","Hopeful/Motivated"
"I am leaving Nepal sooon😢","Pro-Migration","Economic Necessity","Individualist-Self","Despairing/Sad"
"Usa and Westerners master plan to destroy Nepal and Nepalese.....Nepal is ruled by these countries .....our leaders are puppets","Neutral/Observation","Systemic/Political Anger","Collectivist-Nation","Angry/Frustrated"
"Salary didainan company ma paisa xaina vandinxan ma ni janxu ABA bidesh Nepal ma kati sram Daan grnu","Pro-Migration","Economic Necessity","Individualist-Self","Angry/Frustrated"
"Nepal khokro bhaisakyo…<br>Too late…<br>Bhokmari lagcha Nepal ma…","Neutral/Observation","Systemic/Political Anger","Collectivist-Nation","Despairing/Sad"
"Bidaes jaanae bitikkai kaam paaunae hoinau kaam paaunu koe laagi timi tyaa ko citizenship hunuparchha tyoe ta guarantee ho ani jaba samma citizenship paaudainau taba samma timi lae raamroe sita kaam paaudainau yeti gari pani haalyoe bhanae tyoe illegal hunchha ani kaam  nagarae pachhi income pani hudaina ani citizenship pani jaanae bitikkai paaunae hoinau sabai desmaa paaunu ko laagi yeti barsa samma basaekoe hunai parchha bhanaera tokaekoe hunchha jastai example USA ko kuraa gardaa US ko citizenship hunukoe laagi timi atleast 7 or 8 barsa basaekai hunuparchha bhanae pachhi tyoe 8 barsa nakatunjael samma timilae raamoe sita kaam paaudainau ani kaam napayae pachhi yestai waiter,cook, nokkar etc yestaa kaam garchau. Tyati barsa bhitra ta nepal mai raamroe sita kaam gariraakhaeko hunchha. UK,USA,Australia saayad aru desmaa pani holaa Students haru baata aaunae jati praaya waiter ki cook ki bhaadaa maajnae kaam garchha, Quater maa maximum nepali haru Airport maa saamaan haru oosaarnae, koi driver kaam garchha, koi cleaning etc kaam garchha k yestoe kaam nepal maa garna sakdaina.","Neutral/Observation","Economic Necessity","Individualist-Self","Pragmatic"
"I am IT student ani web development ko lagi free ma internship garxu vanda pani nepal ma company chaina esto bijok cha 😢","Neutral/Observation","Economic Necessity","Individualist-Self","Despairing/Sad"
"AVERAGE youth lai Nepal ma sustain Huna GARHO xa... BIDESH JINDABAD🙌","Pro-Migration","Economic Necessity","Individualist-Self","Angry/Frustrated"
"Yes, the issue of getting equivalence certificate from Tribhuvan University is real. This is causing many to rethink about returning to Nepal or to leave Nepal after becoming frustrated with the TU people here.  I know folks who have masters and PhD degrees from western countries. They struggle to get equivalence at TU because TU doesn&#39;t have a comparable degree program or study route as found in western universities. If you study a field not found at TU, getting equivalence is very difficult. Also, TU may not give equivalence for masters degree if the field of study is different than the bachelor&#39;s degree. Same goes with PhD. They make a big issue on how one can go from one degree to another, even if it was completely legal overseas. If equivalence is not granted for masters, then it will not be granted for PhD. Even those who study in India are at risk of not getting equivalence. Hence, you have cases where people can get equivalent certificates from other foreign countries but not from Nepal! For example, an America-educated person can get equivalent certificates from UK and Canada for the purpose of employment in those countries, but not from Nepal! It is very sad indeed!","Anti-Migration","Systemic/Political Anger","Collectivist-Nation","Hopeful/Motivated"
"India ko game ko sikaar ho..congress,,emaalay ra maubaadi lay india sanga milera banda gareko ho..ani samjik laalsi pan lay pani ho..ani vayeko companies haru lay afulay faida dherai rakhni ra salary dherai nai kam dinchan..aba esto euta samyantra banauna paryo jun hami hamro youth vanda pani aba aru desh baata youth lyayera vaye pani indutries chalauna paryo..aba nepali youth lay nepal nabanaunay ho vanay nepali entrapeneur harulay africa,bangladesh baata manchey leraayera kaam garauni ho ra product chai internationally export garna parcha","Neutral/Observation","Systemic/Political Anger","Collectivist-Nation","Angry/Frustrated"
"चुनाव नहुन्जेल सरकार थू गर्यो अनि चुनावको बेला चै मासु भातमा बिक्छन्, थूईक्क हामी भेडा","Neutral/Observation","Systemic/Political Anger","Collectivist-Nation","Angry/Frustrated"
"नेपालको 90% अभिभावक आफ्नो छोरा छोरीले चाहेको स्किल वा उद्धमशिल काममा 30,000 रूपियाँ लगानि लगाउँदैनन् तर विदेश पठाउने कुरामा ऋण काडेर भएपनी 30, 40 लाख रूपियाँ जुटाउँछन्।<br>   नेपालका 90% देशका अभिभावक (नेता र गार्जेन) , चुतिया, नेगेटिभ, नराम्रो कुरा सिकाउने, खुट्टा काट्ने, आफ्नै लेडेँढिपी गर्ने आदी छन्। जम्म 10% मात्र भाग्यमानी छन् जस्ले सकारात्मक, सपोर्ट गर्ने, राम्रोसँग कुराहरु बुझ्ने बुझाउन सक्ने अभिभावक पाएका छन्। मैले भोगेको र धेरै साथीहरूको कथा देखेर भन्दै छु। सम्झाउँदा आफ्नै टाउको दुख्छ। कसैको मन दुखे माफी चाहन्छु तर वास्तविकता यही हो।😅","Neutral/Observation","Economic Necessity","Collectivist-Family","Despairing/Sad"
"Gahiro bislesan vai ko keep it up. Aru kai ma progress navaye ni news ra awareness ma progress vayeko chaa yo pani desh ko lagi ramro ho","Anti-Migration","Systemic/Political Anger","Collectivist-Nation","Hopeful/Motivated"
"Yo video M views maa jawos ❤ sara nepali le hernu parne ho.","Anti-Migration","Patriotism/Love","Collectivist-Nation","Hopeful/Motivated"
"सारै राम्रो बिचार धारणा बाबुको।😢😢😢😢🙏🙏🙏🙏🇳🇵🇳🇵🇳🇵🇳🇵","Neutral/Observation","Systemic/Political Anger","Collectivist-Nation","Despairing/Sad"
"जब सम्म एमाले माओवादि कांग्रेसलाई भोट हालिरहन्छ तब सम्म यो देश अझै नाजुक र अस्तित्व नै धराप मा पर्ने छ ॥","Anti-Migration","Systemic/Political Anger","Collectivist-Nation","Hopeful/Motivated"
"म पनि हाल मलेसियामा कार्यरत् छु","Trapped/Regretful","Economic Necessity","Collectivist-Family","Despairing/Sad"
"भाइले सारै राम्रोसङ नेपालको समस्याहरु बताउनु भयो तर समस्याहरुको कारण पनि भन्नुपर्यो जनताहरुलाइ। जस्तो जनता उस्तै नेता भयपछि यस्तै हुन्छ्😡😡","Neutral/Observation","Systemic/Political Anger","Collectivist-Nation","Pragmatic"
"Yo sab nepal sailing hanney yojana ho neta huru ko","Neutral/Observation","Systemic/Political Anger","Collectivist-Nation","Despairing/Sad"
"mind opening video on the Internet, so far ❤❤. <br>god bless you!","Anti-Migration","Patriotism/Love","Collectivist-Nation","Hopeful/Motivated"
"मारवाडीले चुसेको देशमा को बस्न सक्छ?? अदालत न्यायाधीश पुलिस कानुन बैंक सहकारी इन्सुरेन्स सबै मारवाडी तस्करको हातमा छ , यो सबै तस्करहरुको नाईके केपी र आरजु हो।","Neutral/Observation","Systemic/Political Anger","Collectivist-Nation","Angry/Frustrated"
"Euta sarkar lai thik parna lai euta ramro karmachari nai pugxa tarah k garnu hamro desh ko pahilo chutia ani vrast vaneko nai karmachari ho ani tes paxi MC neta haru ani additional jhan yo corruption lai yo awastha samma purauna ma mainstream media and corporate ko haat xa ,esma most corrupted ko hola ? Sabai MC haru ustai ho ! Aba upai vaneko kada vanda kada punishment dinu parxa ani aaja samma ko sampatti ko xaanbin garera lifetime jail ma kochnu parxa ani matrae nepal ma kei changes auxa otherwise same ho kei huney wala xaina","Neutral/Observation","Systemic/Political Anger","Collectivist-Nation","Despairing/Sad"
"All the Best","Neutral/Observation","Economic Necessity","Individualist-Self","Hopeful/Motivated"
"Great presentation यसमा हाम्रो सरकार निजी व्यवसाय क्षेत्र,स्वयम हामी जनता, विधालय सबै क्षेत्रका सस्था व्यक्ति दोषी छौं।","Neutral/Observation","Systemic/Political Anger","Collectivist-Nation","Hopeful/Motivated"
"सहि हो","Neutral/Observation","Systemic/Political Anger","Collectivist-Nation","Pragmatic"
"Very worth full video❤❤❤🎉","Neutral/Observation","Economic Necessity","Collectivist-Nation","Hopeful/Motivated"
"Indepth story, Nepali comment and project ka kura le ramrai sanga warning vetey jasto cha k ko lagi aas gariyako channel le k ra kasto khaley topics ma video leirako chha ani k bhani rako chha.... Paila jasto chhaina...","Neutral/Observation","Economic Necessity","Collectivist-Nation","Hopeful/Motivated"
"Dirty politicians r unstable politics le Garda ho <br>Tauke budha haru le k garya xa r","Neutral/Observation","Systemic/Political Anger","Collectivist-Nation","Angry/Frustrated"
"Malai lage ko Kura Nepal ma kehi din  hr agency ma kaam gare ko thiye <br>Interview Dina aaune sab dhari padhe ka but general knowledge ko kami <br>Practical knowledge ko kami <br>Kei skill xaina <br>Working skill bina ko certificate haru boke ka aaune interview handle garna na aaune candidates aaba kasari job xaina vannu Nepal ma <br>Aachama lagxa <br>Capable candidates haru le mazza le job pauxa <br>Educate matrai Haina <br>Practical based education ma focus garnus vannxu ma ta <br>Thank you <br>Taha tapai ki sabai videos ramro lagxa malai <br>Keep it up 👍","Neutral/Observation","Systemic/Political Anger","Collectivist-Nation","Despairing/Sad"
"के चाहिँ छ,खै? म त केही देख्दिन। गर्न खोज्ने लाई केही काम दिदैन सरकारले। रोजगार छैन,१४,००० अनि २०,००० सम्मको तलबमा परिवार कसरी पाल्नु,एउटा बिबाहित मान्छेले,ल एक्लै बसेको छ भने पुग्ला त्यतिको तलबले। काम छैन,मेरा कति आफन्त पर्देशमा छन्। क्यानडा,अष्ट्रेलिया,अमेरिका,साउदी अरेबिया,कतार,मलेशिया,दुबई,बेलायत। 😮😢💔🙏","Neutral/Observation","Systemic/Political Anger","Collectivist-Nation","Despairing/Sad"
"Corruption <br>Education khatam<br>Health system khatam <br>Sarkari kam ta jhan khulit <br>No job employment <br> <br>Ani yo deshma k garna basney basney vaneko chor  neta haru matrai yo deshma","Neutral/Observation","Systemic/Political Anger","Collectivist-Nation","Despairing/Sad"
"Dai hjur ley jastai video banauna kaha sikney?","Neutral/Observation","Economic Necessity","Individualist-Self","Pragmatic"
"Dai world economics crisis xutyo","Neutral/Observation","Economic Necessity","Collectivist-Nation","Pragmatic"
"<a href=""https://www.youtube.com/watch?v=YRwlDwWEBew&amp;t=1098"">18:18</a> Kathmandu ma basne dheari lai testo tha xaina kina ki thya population ni dheari xa tei vaye ra aajai feel vaxaina outside of kathmandu hernu ta ta yo aaile present vairaxa market aaile chale xaina kinw market ma youth nai xaina tei vako vane uncle hru ho youth pani market rarely dekhixan <br><br>Aaile garment hru le youth hru ko lagi clothes production nai gardina<br>Garne vane ko kids ra old manxe lai ho <br>Bajar ma youth nai xaina","Neutral/Observation","Systemic/Political Anger","Collectivist-Nation","Pragmatic"
"Where all the money of the country is going","Neutral/Observation","Economic Necessity","Collectivist-Nation","Pragmatic"
"I am proud as I have left Australia for good and its been 2 years. I see innumerable opportunities to earn name, fame and wealth in this country.","Anti-Migration","Patriotism/Love","Collectivist-Nation","Hopeful/Motivated"
"Dai tapai ko yo video heri rahada pani study in australia vanera consultancy ko add aayo ta","Neutral/Observation","Economic Necessity","Individualist-Self","Pragmatic"
"लुटतन्त्रको उपलब्धि।","Neutral/Observation","Systemic/Political Anger","Collectivist-Nation","Angry/Frustrated"
"Purana neta haru le bhrastachaar garera  14 pusta  pugne akut sampati jamma garera aba tyei bhrastachar mudda haru bata bachna lai sarkar dhaldai pali palo sarkar chalayera baseka chan. 2084 ma vote garda bichaar puraunu hola sabai Nepal ma bhayeka janata le. Yi puraana bhrasta haru lai jail ko hawa khuwaunu nai parcha.","Neutral/Observation","Systemic/Political Anger","Collectivist-Nation","Angry/Frustrated"
"वास्तवमा यो समस्या समग्र दक्षिण एसिया भरिमै छ र सबैभन्दा बढी नेपालमा छ।सानो देश थोरै जनसंख्या तर धेरै नेता  अधिक विज्ञता र सामाजिक अभियन्ता यिनैले आफ्नो अनुकूलको व्यवस्था लादेर यो अवस्था गराए।ठुलो दोष राज्यको अनि नागरिक।देशमा बस्ने वातावरणको सिर्जना राज्यले नै गर्ने हो।यहाँ धमिलो पानीमा माछा मार्न पल्केकालाई यस्ता कुराले छुदैन।किनकि केही मुठ्ठी भरको मुठ्ठीमा छ देश।अनि किन कसैको लागि आपसमा भिड्ने भनेर देश छोड्ने अभियानमा युवा","Neutral/Observation","Systemic/Political Anger","Collectivist-Nation","Despairing/Sad"
"People are leaving Nepal because they are going to abroad","Neutral/Observation","Economic Necessity","Individualist-Self","Pragmatic"
"Yo Americako cha ho, deshko takat bhanekonai yu harulai bidesh lakhetne tiniharu chahi Hamro Desh  lai mjor Banayera  hamro desh kabja garne...","Neutral/Observation","Systemic/Political Anger","Collectivist-Nation","Angry/Frustrated"
"Education ko reason le chai i really wanna leave this country  mero baini le 2 choti back paper deko xa 12 ko how can neb be so careless reetotaling garda copy check xaina yesto para le kun chai student Lai nepal ma padnu manlagxa ra I&#39;m suggesting her to do pcl nursing then try for aboard aba ko 10 years ma ta ma aafno family lai nai aboard shift garauni sochiraxu kina ki yeta kaile kei change huni wala xaina","Pro-Migration","Economic Necessity","Individualist-Self","Despairing/Sad"
"Bahun ko kam chaina jaba samma bahun hru hunchan taba samma desh bikas huna sakdaina","Neutral/Observation","Systemic/Political Anger","Collectivist-Nation","Angry/Frustrated"
"❤❤❤❤ weldone brother","Neutral/Observation","Economic Necessity","Individualist-Self","Hopeful/Motivated"
"Nepal ma kehi bigriyeko nai xainaw din var social media ko content consume garni nepal ma kehi garna nakhojhni abroad ma poisa ko bot xaw van ni yuwa dharai vai diyeraw tysko result dakhiyako matrai ho","Neutral/Observation","Systemic/Political Anger","Collectivist-Nation","Despairing/Sad"
"Yestai xa yr bro im in uk since from 4 year im happy in here sab lai tehe bhanxu what im experienced sakxau nepal maie gara sakdainau nepal time maie xodi hal kta ho paisa na huney dubai ja contract ma tya beta Europe try gara.😢bro love your news always my wife always watch your content bro bewt wishes and best of luck to you bro","Trapped/Regretful","Patriotism/Love","Individualist-Self","Hopeful/Motivated"
"Ta pani janxas ek din bidesh..😂 .","Neutral/Observation","Economic Necessity","Individualist-Self","Pragmatic"
"Raksi ra masu ma bikni hami sabaii veda hou.😂 ..","Neutral/Observation","Systemic/Political Anger","Collectivist-Nation","Angry/Frustrated"
"Horrified by the stats.","Neutral/Observation","Systemic/Political Anger","Collectivist-Nation","Despairing/Sad"
"Sad news😢","Neutral/Observation","Economic Necessity","Collectivist-Nation","Despairing/Sad"
"मत साउदी मा छु फेरि नेपाल आएसी दुबै जाने सोचिरा छु😢","Trapped/Regretful","Economic Necessity","Individualist-Self","Despairing/Sad"
"Nepal sarkarle kirsima ramroo laghani gree vane. Rojgarr di raknu pardaina","Anti-Migration","Systemic/Political Anger","Collectivist-Nation","Hopeful/Motivated"
"Very rare content dai loved it","Neutral/Observation","Economic Necessity","Collectivist-Nation","Hopeful/Motivated"
"If your mother is sick you care for her, you don&#39;t leave her to die and settledown in your neighbour&#39;s house. This is exactly what Nepalese youths are doing","Anti-Migration","Patriotism/Love","Collectivist-Nation","Hopeful/Motivated"
"Among the Nepali YouTube commentators, I think you make the best videos. Factual and no nonsense and no conspiracy. Keep it up bro.","Neutral/Observation","Economic Necessity","Collectivist-Nation","Hopeful/Motivated"
"&quot;These 3 pm should be end to start the development of this country.&quot;","Anti-Migration","Systemic/Political Anger","Collectivist-Nation","Hopeful/Motivated"
"Parsi ko flight xa aaja yo herdai xu😢","Pro-Migration","Economic Necessity","Individualist-Self","Despairing/Sad"
"Nepal be next Bangladesh team then something may changes","Anti-Migration","Systemic/Political Anger","Collectivist-Nation","Pragmatic"
"Nepal ma ta euta kam paunu pani neta ko jhole hunu parxa😢 ya ta 12 padeko pani kei valu nai hudaina bachlor ma pani 4 years barbad matai hunxa skilled manxey lai vanda pani neta ko aafanta lai nai thau hunxa teso vaye pachi last option bidesh nai ho","Neutral/Observation","Systemic/Political Anger","Collectivist-Nation","Despairing/Sad"
"Ani dai tapai lai sarkar batw warning aako xa ki nai tw..? In depth story , Tanka Dhakal dai haru lai tw aayosake xa 😢","Neutral/Observation","Systemic/Political Anger","Collectivist-Nation","Pragmatic"
"Good Choice.. No hope here","Neutral/Observation","Systemic/Political Anger","Collectivist-Nation","Despairing/Sad"
"What do u think other country will take care of u. And What do u think they will give  opportunities in every work no they will only give  opportunities to those people or those work whom they need only other are normal salary. Suppose if they need doctors than there will be good opportunity and salary for specially doctors only not for everybody remaining others are just normal salary. Maybe u don&#39;t know that for example In Russia also they need army to fight for war so they will give special opportunities for army only by showing income and other facilities.","Anti-Migration","Systemic/Political Anger","Collectivist-Nation","Pragmatic"
"लौ! अब हामी देशमा नै भाको युवाले देश बनाउने हो तेसको लागि एक बनौँ। जय नेपाल","Anti-Migration","Patriotism/Love","Collectivist-Nation","Hopeful/Motivated"
"Hey Vagwan Sakesamma yo deshma basna napaiyoossssssaa🕉️🇺🇸🙂♥️🎓<br>USA nai Jane Ho permanently ✊🇺🇸🇺🇸🇺🇸🇺🇸🇺🇸","Pro-Migration","Systemic/Political Anger","Individualist-Self","Despairing/Sad"
"Why not to go abroad?<br>In Nepal for a receptionist position one need bachelor or master qualification and then the salary is Rs 25-35k avg whereas in abroad for the same receptionist position the salary is Rs 300k-350k.<br>Then who doesn&#39;t want to go abroad?","Pro-Migration","Economic Necessity","Individualist-Self","Angry/Frustrated"
"ekdam ramro content 👌👌","Neutral/Observation","Economic Necessity","Collectivist-Nation","Hopeful/Motivated"
"Because youth want to chin tapak dam dam with kuireni","Neutral/Observation","Economic Necessity","Individualist-Self","Pragmatic"
"Kam napayara desh xadeyako haina hami aafai ley Garda afno desh xadna parako ho <br>Kanun banako xa kanun aanusar hidna chadenau ani Nepal lai bedesh jasto banauxu vandai hidxau sano sano Kura ley Garda desh xadna parxa Tyo Kura bujdaina  thula thula neta lai aagadi dekhayara kahani sunauxa","Anti-Migration","Systemic/Political Anger","Collectivist-Nation","Hopeful/Motivated"
"म केहि समय पछि देश फर्किदै छु ।","Anti-Migration","Patriotism/Love","Collectivist-Nation","Hopeful/Motivated"
"Thumbnail copied from Indian Youtuber","Neutral/Observation","Economic Necessity","Individualist-Self","Pragmatic"
"its a trend","Neutral/Observation","Economic Necessity","Individualist-Self","Pragmatic"
"नेतालाई गालि गरौ समस्या समाधान हुन्छ ।<br><br><br>काम नगर्ने प्रवित्ति छ हजुर ।<br>सानोभन्दा सनो काम देखि ठुलो काम गर्न बिहारबाट बिहारि आउछ्न ।<br>तर नेपालि काम  नेतालाई गालि गर्‍यो बस्यो।","Anti-Migration","Systemic/Political Anger","Collectivist-Nation","Angry/Frustrated"
"Yo karar maa jaagir khuwane banda garnu parxa. Afnata parne , raajnitik ma hune ko maanxele job pauxa. Ani vacancy kam khulauxa lok sewa aayogle. 65 janako kotako lagi 7k-8k hunxn. Yo ni khaarej garnu parxa","Anti-Migration","Systemic/Political Anger","Collectivist-Nation","Angry/Frustrated"
"Reasons:<br>1. Political instability <br>2.lack of opportunities<br>3. Lack of private job that offer salaries<br>4.lack of establishment of factories and industries.<br>5.low vacancy on government job<br>6.salary scale is very low<br>7.Karar maa aafanta haru 8.small scale industries ma invest garda market napaunu 😢😢<br>And this is greater nepal😂","Neutral/Observation","Systemic/Political Anger","Collectivist-Nation","Pragmatic"
"because we lost our beloved king to these piece of shits.","Anti-Migration","Systemic/Political Anger","Collectivist-Nation","Angry/Frustrated"
"Yo information ligerw ahile ka neta chor hari 60 age pani nadine tech use garla vanni dar 🙂","Neutral/Observation","Systemic/Political Anger","Collectivist-Nation","Despairing/Sad"
"मैले पछिल्लो समयमा धेरै जब खोज्ने प्रयास गरे, 4-5 ठाउँमा Interview दिए । तर पनि कुनैपनि ठाउँमा छनोट हुन सकिन ! <br>(कारण :- एक जना चाहिएको थियो तर आवेदन दिने 50 जना अनि अन्तरबार्ता दिने 20-25 जना हुनु!!!)","Neutral/Observation","Economic Necessity","Collectivist-Nation","Despairing/Sad"
"Dam bro man ma nai lagyo","Neutral/Observation","Economic Necessity","Individualist-Self","Hopeful/Motivated"
"aba yesari sochauna sabai yuba bidesh gai halxan ani tespaxi remmitance aouni paisa le hami jasta neta ko pet palna vai halxa pet palna lai neta baneko ho paila pet palnu parla ani baki kura sochamla ni","Anti-Migration","Systemic/Political Anger","Collectivist-Nation","Hopeful/Motivated"
"I noticed Editing and sound effects is very improve on this video. And You always great.❤ Lots of love 💝","Neutral/Observation","Economic Necessity","Collectivist-Nation","Hopeful/Motivated"
"I am currently a 11th grade student . My teachers suggests us not to leave this country . But i fear what if i cant sustain myself in this country ? My country wont take care of me nor it will provide me with opportunities to do so .","Anti-Migration","Patriotism/Love","Collectivist-Nation","Hopeful/Motivated"
"Ma nepal aauxu voli japan bat<br>Runa man lagyo yo vdo herer","Trapped/Regretful","Patriotism/Love","Individualist-Self","Despairing/Sad"
"Nepalese outgoing : Indians incoming !","Neutral/Observation","Systemic/Political Anger","Collectivist-Nation","Despairing/Sad"
"Nice topic based on true story ❤","Neutral/Observation","Economic Necessity","Collectivist-Nation","Hopeful/Motivated"
"J sukai hosh","Neutral/Observation","Economic Necessity","Individualist-Self","Pragmatic"
"यस्तो विडियो हेर्न त्रि.वि र मन्त्रिहरुलाई हेर्न फुर्सद मिलोस्  ‌बहस हुनु पर्ने कुरा बहस् होस् बाँकी कुरा देश छाड्ने वालाको एक युवा म पनि हो।","Neutral/Observation","Systemic/Political Anger","Collectivist-Nation","Hopeful/Motivated"
"Today is my ielts exam if I have to get a good score, I leave Nepal within a few months.. pray for me guys 🙏🏻","Pro-Migration","Economic Necessity","Individualist-Self","Pragmatic"
"Main root problem is democracy .. Nepal was not ready for democracy.. we need one supreme leader ..","Anti-Migration","Systemic/Political Anger","Collectivist-Nation","Pragmatic"
"Next video should be on resources to invest on  in nepal","Anti-Migration","Economic Necessity","Collectivist-Nation","Hopeful/Motivated"
"sahi kura ho last ma bidesh nai jane force nai huncha 😊","Neutral/Observation","Systemic/Political Anger","Collectivist-Nation","Pragmatic"
"🎉🎉🎉keep it up","Neutral/Observation","Economic Necessity","Individualist-Self","Hopeful/Motivated"
"Mero euta matra concern or euta matra question...... Desh ko bare ma socheko xa ya fir kasailey socheko xa....??? Yeha euta duita matra kura hunxa rules and regulations change ani tailey yo garis mailey yo gari..... K chai garyoo tw?? Dosh prtyarop only.... Kahiley hainw hai development ko bare ma ni sodhnu prxa vanne xainw... So Mero Nepal Mero noi rahenw..... Lagxa ma yeha kamauxu tyeha.... Neta ramauxa ajhai pariwar sngaa baserw hami khadi ma gali tension extra hour kaam garerw bsne chai pariwar naveni marinxu ki vanne Daar maan ma full time Rahi rahanxa😢 godd job nepal😊","Neutral/Observation","Systemic/Political Anger","Collectivist-Nation","Despairing/Sad"
"Ma pani 1 month vayo .. leaved our nepal ..","Pro-Migration","Economic Necessity","Individualist-Self","Despairing/Sad"
"Brah, tell something we all already don&#39;t know for decades now.. 28 minutes of boilerplate content.<br><br>There is no winning when the competition is the developed countries. Whatever Nepal does in the best of the best situations will not be enough. There will always be and may be many more that will still dream of abroad no matter what. What will remain of Nepal will be just old, the unluckies and the insane patriots that have made a full circle. It&#39;s our destiny and there is nothing wrong if u ask me. We&#39;ll make what we can make out of it.<br>For me, all Nepal needs to do is to not fuck up its natural environment to the point of no return in name of development like some countries in the world are doing. We&#39;ll be just fine.","Neutral/Observation","Systemic/Political Anger","Collectivist-Nation","Angry/Frustrated"
"You’re Rising,keep going ❤🎉","Neutral/Observation","Economic Necessity","Collectivist-Nation","Hopeful/Motivated"
"Nepal ka Buda neta kukur haru ley garda hamro desh khatam vayoo","Neutral/Observation","Systemic/Political Anger","Collectivist-Nation","Angry/Frustrated"
"Japan ma mero 15 year old japanese sathi kta le 6 months part time job garera 5 lakh ko computer setup kinyo <br>Ma 15 barsha ma nepal ma facebook ma love is fake wala post gardai thiye 🤧","Neutral/Observation","Economic Necessity","Individualist-Self","Hopeful/Motivated"
"Ma bidesh jana dhilo gare jasto","Pro-Migration","Economic Necessity","Individualist-Self","Despairing/Sad"
"Today fri, sep, 27 - 2024 <br>This my Last Comment from Nepal... <br>I&#39;m Labour worker... 🙏","Pro-Migration","Economic Necessity","Individualist-Self","Despairing/Sad"
"Aru saman bechne haame manxey bechne","Neutral/Observation","Economic Necessity","Collectivist-Nation","Despairing/Sad"
"Long turm planning ani mehinat tyo pani janata ma dhairyata lagansilta tyag derei kura sahera strong strong manxe jasle aaphu jastai talant lai sath ma rakhera kam suru hunxa ni ani matra pauxa desh ley pratifal tara k garnu ati bujhna bichara hami lai budo hunuparxa jimbewari ley ani samasya ley garda fursad hunna kasailai😭","Anti-Migration","Economic Necessity","Collectivist-Nation","Hopeful/Motivated"
"The way he say his channel name THAHA in every sentence capitally😂😂","Neutral/Observation","Systemic/Political Anger","Collectivist-Nation","Angry/Frustrated"
"Pahila nepal ma rajneeti niyukti banda garnu parcha , party ko jhole haru lai sabhai thau bata nikalnu parcha ani balla education ra experience ho hisab le niyukti garnu parch","Anti-Migration","Systemic/Political Anger","Collectivist-Nation","Hopeful/Motivated"
"ma pani lagvag 9 barsa bidesh basera aaye yaha kam gareko 3 mahina vayo paisai didaina jhagada kati ko ko sanga xahi garnu","Anti-Migration","Systemic/Political Anger","Collectivist-Nation","Despairing/Sad"
"<a href=""https://www.youtube.com/watch?v=YRwlDwWEBew&amp;t=360"">06:00</a> Background music reminds me of aba ta ma farkinna hola song 🥲","Neutral/Observation","Economic Necessity","Individualist-Self","Pragmatic"
"sab chor neta harlai heraunu parne yo video.. thank you bro for the video","Neutral/Observation","Systemic/Political Anger","Collectivist-Nation","Hopeful/Motivated"
"K garnu +2 padhdaa samma Nepal mai kehi garxu garera dekhauxu vane katti aat thiyo .<br>Nepal KO ahile KO haalat herdai bidesh jaa jaa Matra vanxan.<br>Janata man xaina Tara k garnu  dinvari mori Mori kaam gardani  vane jasto salary nai paaudaina.<br>Aafnai business garam vane yo desh ma nata uwaa xa nata uwati <br>ma professional hairdresser ho  <br>Dashain Pani aaEsakyo <br>Almost sabbai salon haru thappa xa..pahilaako jasto maaholnai xaina..<br>Heram 1 year jati <br>Kasari vaAni Nepal basxu natra vane bidesh nai jaanxu..❤<br>Yo desh ma uwaa haruko value nai xaina..<br> Yo mero Matra samasya hoina sampuna sector koni haalat astai hudai xa ..<br>Saale neta harulai dhapaaunu parxa aba atti vaisakyo","Anti-Migration","Economic Necessity","Collectivist-Nation","Despairing/Sad"
"sarai naramro lagchha...desh ma basna ta man chha ni k garnu ....basne khalko environment nai chhaina 😕","Pro-Migration","Economic Necessity","Individualist-Self","Despairing/Sad"
"This is request to all viewers please like this channel. Yo vedio hamro marma ho estai vedio banaunu dai Keep it up ❤❤❤ Jai Nepal🙏🫡","Neutral/Observation","Economic Necessity","Collectivist-Nation","Hopeful/Motivated"
"Ahead to foreign 😢","Pro-Migration","Economic Necessity","Individualist-Self","Despairing/Sad"
"Malai ta video herera jhan tanab vo 😢😢😢😢","Neutral/Observation","Economic Necessity","Collectivist-Nation","Despairing/Sad"
"abba mero nee palo ayo bidesh janea . yo desh maa future nai xaina","Pro-Migration","Economic Necessity","Individualist-Self","Despairing/Sad"
"युवा जति पैसा कमाउन दाैडिने देशकाे विकृति विसंगति नहेेर्ने अनि कहाँबाट देश सुध्रिन्छ र युवाले देशमा अवसर पाउछन् जहाँ विग्रेकाे छ त्याहाँ सुधार्नु पर्याे अनि पाे युवा भन्न सुहाउँछ।","Neutral/Observation","Economic Necessity","Collectivist-Nation","Despairing/Sad"
"I m that Nepali who came tried and failed so back to bidesh again 😢","Trapped/Regretful","Economic Necessity","Individualist-Self","Despairing/Sad"
"आफ्नो गाउँ  घुमेपछि मनमा उब्जिएको प्रश्न ...??<br>अब कति समयमा देशलाइ <br>&#39;युवामुक्त देश&#39;<br>घोषणा गर्न सकिएला????🥺","Anti-Migration","Patriotism/Love","Collectivist-Nation","Hopeful/Motivated"
"मलाई स्वास्थ्यले अलि साथ न दिएर मात्रै हो नत्र म पनि यो देशमा कुनै हालतमा बस्ने नै थिइन । यो देश भने म जस्तो साधारण मान्छेको लागि हुदै होइन । यो देश त यी भ्रष्ट दलाल नेता तिनका आसेपासे झोले हनुमान र केहि ठुला व्यपारीहरुको लागी मात्रै हो ।","Pro-Migration","Systemic/Political Anger","Individualist-Self","Angry/Frustrated"
"Dai hajur KO address bhairahawa ho Hana<br>Dekhey dekhey jastai laayo","Neutral/Observation","Economic Necessity","Individualist-Self","Hopeful/Motivated"
"Main reason vanako yeta nepal maa politicians haru vanda ni comedians haru xan","Neutral/Observation","Systemic/Political Anger","Collectivist-Nation","Angry/Frustrated"
"म पनि अब केहि समयमा देश छार्दै छु 😢😢😢","Pro-Migration","Economic Necessity","Individualist-Self","Despairing/Sad"
"Savai lai thaha xa to sav kura <br>Thaha nahuni vaneko tei kp oli prachande ra shere lai ho ra tin ka party ka jhole lai ho yo video kp oli lai tag garauna ..😢😢😢","Anti-Migration","Systemic/Political Anger","Collectivist-Nation","Angry/Frustrated"
"Bro euta kura vanum, America, Australia ma aako yuwa haru 80 percent kunai kaam ko hudainan, tini haru ley katai pani kehi na payera yaha loan liyera sab sey thotro collz ma padhchhan. Ra I-phone dekhauna ra ghumna bahek aru kehi audaina tini haru lai, Guff thokchahn ani tehi Indian ko restaurant me gayera kaam garchhan. Nepal ko 80% yuwa karma garne type ko dekhina maile, bas guff pelne type ko matra lagyo.","Neutral/Observation","Economic Necessity","Collectivist-Nation","Pragmatic"
"Police jawan ko behal xa Nepal ma police ko salary le aafno pariwar pani palnu sakdeina","Neutral/Observation","Economic Necessity","Collectivist-Nation","Pragmatic"
"Kp Oli sher Bahadur prachanda ko jhola boknu parxa desh bikash hunxa 😂","Neutral/Observation","Systemic/Political Anger","Collectivist-Nation","Angry/Frustrated"
"Nepal ma kaam xaina but moh nepal ma basira $400/$500  monthly earn garxu and im happy with that","Anti-Migration","Economic Necessity","Collectivist-Nation","Hopeful/Motivated"
"chor neta lai desh bata lakhetnu parcha.","Anti-Migration","Systemic/Political Anger","Collectivist-Nation","Angry/Frustrated"
"W vid🎉🎉🎉","Neutral/Observation","Economic Necessity","Collectivist-Nation","Hopeful/Motivated"
"Why do you think those ‘Netas’ care..😆. They want money for them not for us.","Neutral/Observation","Systemic/Political Anger","Collectivist-Nation","Angry/Frustrated"
"Jhole harule Nepal Desh sakyo","Neutral/Observation","Systemic/Political Anger","Collectivist-Nation","Angry/Frustrated"
"Januii parxa yo desh ma basnu hudaena  kina ki nepal ma basyo vaneh kangal vainxa","Pro-Migration","Economic Necessity","Individualist-Self","Angry/Frustrated"
"Gr* show,  Brother .I n my opinion .  political stablity + . encourage foreing investment in NEpal  ie less dependancy of foreign land ..  which leads to refrain youngerster  moving abroad.   .. .  Thanks","Anti-Migration","Systemic/Political Anger","Collectivist-Nation","Hopeful/Motivated"
"Japan anime le garda gako ho 😂","Neutral/Observation","Economic Necessity","Individualist-Self","Pragmatic"
"Hamile kehi Action Lina parne Din aai Sakeko Dekhinxa 😢","Neutral/Observation","Systemic/Political Anger","Collectivist-Nation","Despairing/Sad"
"Keep it bro <br>new knowledge are unlocked","Neutral/Observation","Economic Necessity","Collectivist-Nation","Hopeful/Motivated"
"नेपालमा बजार नै छैन डाक्टर नर्स इन्जिनियर यही पढेर विदेशमा राम्रो जागीर खाएका छन् तर नेपालमा काम नै छैन काम पाए तलब छैन।","Neutral/Observation","Economic Necessity","Collectivist-Nation","Despairing/Sad"
"Content overlap nagarao hai...<br>Unsuscribed vaiyela hai....","Neutral/Observation","Economic Necessity","Collectivist-Nation","Pragmatic"
"malai euta sir le vannu vayeko kura yaad aauchha: &quot;yethartha ra adarsha ka kura beglai hunchha&quot; :)","Anti-Migration","Patriotism/Love","Collectivist-Nation","Hopeful/Motivated"
"Ma BHMstudent 4 years of working experience 5 star hotel ma chu Tara salary basic salary 18k age 29 paugi sakyea aarko barsa bidesh paugchu ma pani","Pro-Migration","Economic Necessity","Individualist-Self","Despairing/Sad"
"Yo sab bahunbaad ko karen ho hajur desh kangaal vayeko xa","Neutral/Observation","Systemic/Political Anger","Collectivist-Nation","Angry/Frustrated"
"Demographics bonus को बारेमा धेरै ठाउँमा छलफल गर्ने गर्छु तर दुर्भाग्य नीति निर्माण तहकालाई कुनै ज्ञान,योजना र नीति निर्माणमा ध्यान छैन। यो नै यो देशको दूर्भाग्य हो।","Neutral/Observation","Systemic/Political Anger","Collectivist-Nation","Pragmatic"
"Ps subscribe and support these type of channels.","Anti-Migration","Patriotism/Love","Collectivist-Nation","Hopeful/Motivated"
"Lots of love from UKC ( United Kingdom of Chitwan)","Neutral/Observation","Patriotism/Love","Collectivist-Nation","Hopeful/Motivated"
"साथी यो सबै भयाभह अवस्थाको समाधान के कसरी हुन्छ भन्ने बारे हामी नै युवाहरुले जमघट छलफल र एक्सन को योजना बनाउने प्लाटफम बनाऔं न 🙏🙏 प्लिज 😢","Anti-Migration","Systemic/Political Anger","Collectivist-Nation","Hopeful/Motivated"
"Keep it up 💪👍❤","Neutral/Observation","Economic Necessity","Collectivist-Nation","Hopeful/Motivated"
"Keep it bro your videos is really nice ❤❤","Neutral/Observation","Economic Necessity","Collectivist-Nation","Hopeful/Motivated"
