Author,Comment,Likes,Replies,Date
"@ShyamSubba-p5r","China usa can buy nepal jusr  put on sale",0,0,2/4/2025
"@ShyamSubba-p5r","Sale nepal why nepal country nonsense  student visa.  They r not there for study big jocks",0,0,2/4/2025
"@ZWARBHATTAA","Everyone is not leaving Nepal. Many are still staying back. So in current scenario their are basically two kind of Nepalese-<br> One who does not want to leave their parents no matter what financial situation or life priorities. They are content and happy with mediocre life. They stay back in Nepal.<br><br> Second who has greater ambitions and wants a better life. They leave their parents and settle abroad.<br><br> Ma kasailai pani sahi galat bhandina. Both are right in their own respective minds.",0,0,1/28/2025
"@triggerinnerwings","<a href=""https://www.youtube.com/live/UgeYdADxqs0?si=gvefKUKi1CxtgJjK"">https://www.youtube.com/live/UgeYdADxqs0?si=gvefKUKi1CxtgJjK</a>",0,0,1/7/2025
"@knightgamerz5664","What a nonsense never forget that foreign country will always treat you as a second citizen also if we as a nationalist can protest to stop getting indians our citizenship and jobs then they can do the same its completely justified this shitty consultancies (educational and tours)<br>Should be completely closed and embrace the nationalism,if so then why dont these two people go abroad",0,0,11/10/2024
"@nehasah8156","Really like this types of communication 😊",0,0,10/21/2024
"@charliieelee9284","Learn trading , after no need to go anywhere , just learn trading all you need is internet and a computer or mobile",0,0,10/1/2024
"@GynendraYadav","What was that 😢",0,0,9/17/2024
"@lifebeyondnepal","10 Reasons SOONER or LATER Everyone will Left 🇳🇵Nepal 😢 😪 <br><a href=""https://www.youtube.com/watch?v=AlcahONiYOc"">https://youtu.be/AlcahONiYOc</a><br>Either It&#39;s For Further Studies or Work",1,0,8/24/2024
"@ManjilSth","I regret studying at TU. i lost all the time on earning money and life",0,0,8/1/2024
"@yashbhandari8606","Maile 12 paxi Padna xode Malai paila dakhi nai business garnu Theo MA sanga dherai ramro ramro idea haru Thea maile 4/5 year hard try gare sambandid nikaye samma kura ta pugyo ra Uha haru le help garnu miltheo Uha haru ko sano help matra melako vaye aaja Ma as a entrepreneur dherai Mathi pugi sakthea Tara aaja Ma totally birojgar xu mind ma idea xa action ligna lai Aafu eklai sakidaina katai bata help mildaina aaile Ma US  Ko lagi try gardai xu ra main point ma 12 paxi kina abroad gaina vanni kura le dherai regret hunxa so Jati ni 11/12 paddhai gareko bhai baine le mero comment paddhai hunuhunuhunxa Uha haru lai mero experience le k vanna chanxu vani tapai haru jati nai talent vaye ni tapai haru ma Kati nai potiental vaye ni tapai le Nepal ma chance paunu hunna yaha Sano kam garna ni hami youth lai dherai garo hunxa so time Mai aboard janu Uha opputunity xa Uha kai garna Sakinxa baki desh hamrai Ho paxi Aafu kei banera Aayaera desh ko lagi garna Sakinxa first aafno Banna ko lagi desh xodnai parxa .",1,0,8/1/2024
"@SaugatChudal-nc2ct","Alaxini khatey haru mujiko baan kukur bhusiya corrupt neta haru ley garda esto ramro desh guu jastai parey<br>Iniharuko narka ma pani baas naa hoss😢",0,0,6/26/2024
"@chulidadanirmansewa1062","What his name",0,0,6/26/2024
"@8o8gang-e3l","3million haina 30million",1,0,5/2/2024
"@8o8gang-e3l","3million haina 30million",0,0,5/2/2024
"@shashwotsr","3 crore doesn&#39;t mean 3 million, dear sir. Please correct it.",0,0,5/1/2024
"@useranonymous-w1m","<a href=""https://www.youtube.com/watch?v=QuxXjXpghtI"">https://youtu.be/QuxXjXpghtI?si=FB1NnmZtQUO8dmjbhttps://youtu.be/QuxXjXpghtI?si=FB1NnmZtQUO8dmjb</a>",0,0,4/22/2024
"@rhythmknight4158","The reason why people are leaving Nepal is because of their high expectations. The people who are complaining there aren&#39;t enough jobs are the ones who seek highly skilled jobs where labour is not required. These types of jobs are not much in demand because the country is under developed and needs labour workers. I went to visit Nepal last year and saw many workers in construction sites and fixing roads, etc. So there are plenty of jobs in Nepal, you just chose to not to do them because you think you should be paid more. A country doesn&#39;t build itself magically without labour.",0,0,3/13/2024
"@ayushthakuri-yd8yj","3 crore=30 million",0,0,3/7/2024
"@sauravthakur9705","3 crore is 30 million not 3 million.",0,0,2/29/2024
"@useranonymous-w1m","<a href=""https://heysics.blogspot.com/2024/01/the-exodus-of-nepalese-youth-pursuing.html"">https://heysics.blogspot.com/2024/01/the-exodus-of-nepalese-youth-pursuing.html</a>",0,0,1/28/2024
"@yogeshyonjan5179","there is one harsh solution. <br>ban foreign visa <br>force people to live inside<br>people will figure out the solution if they&#39;re forced to stay instead of running",0,1,1/27/2024
"@bodhividya7","राजधानी सहर जन्ता बेच्ने बजार, जनताको व्यापार गर्ने नेपाल सरकार, देशभक्ति मरिसके देश बेच्न तयार, मुर्ख जन्ता, कस्ले रोक्ने भ्रष्टाचार ?<br><br>Bodhi",0,0,1/3/2024
"@bodhividya7","What is the solution? What is remady? What should do? For this situation and this problem?",0,0,1/3/2024
"@subratr5807","Aba india le laijancha desh. Yo muji neta harule kei par layenan. Jhole harule bitaye desh. Laijos Modi le baru",1,0,11/23/2023
"@IamSaVaGe07","Dhost hunxa yo dess bistarai <br>Frustration is one of the main reason why students choose foreign countries",0,0,11/22/2023
"@moktangamer5991","Mo Dubai ma xu daju ahiley 2 40 bajey Rati duty janxu Ani belka 8 9 bajey room aipugxu lastoi garo 🙃",0,0,11/22/2023
"@ravinepz","Any data how many nepalese living here in Delhi NCR ? Nepalese are everywhere here in hotel line, in govt job, police / army,  and even in big companies like MNCs.",0,1,10/30/2023
"@reechareg.7162","Please speak full English or full nepali😢😊 like ur videos🎉",2,0,9/21/2023
"@sumitmaharjan073","E dai ki tah purai english bolnu , ki natra nepali mai bolnu. Yesari what i seed garera nabolni",1,1,9/19/2023
"@aadesh5563","Nepal won&#39;t remain for more than 50 years in existance",0,0,9/18/2023
"@rinjinsherpa.1359","One of the few educational and entertaining nepali channal🙌❤️‍🔥❤️‍🔥",0,0,9/11/2023
"@TulsiBasnet","who was the speaker? not mentioned anywhere",0,0,9/6/2023
"@smileatmeoh","Something about brain drain I found <a href=""https://www.youtube.com/watch?v=YAUG-cNP-nM"">https://youtu.be/YAUG-cNP-nM?si=dq1nkDgmU2z3fxVy</a>",0,0,9/3/2023
"@Bindass9861","<a href=""https://www.youtube.com/watch?v=_t2MyMVqddw&amp;t=162"">2:42</a> hits different 😢",1,0,8/31/2023
"@Yash-jp6xh","This is such a sad reality and I can&#39;t do anything :( .",0,0,8/26/2023
"@sunil-0z879","They are going bhaira...",0,0,8/25/2023
"@WInspire","You cannot contain youths but you can certainly take advantages of brain drain by coming up with new policies that can utilize the youths and their skills/knowledge",0,0,8/25/2023
"@sanghrsatimilsena6047","I proud I left nepal early age and got abroad citizenship….. don’t waste your Time in nepal if you belong from mid class family",0,0,8/25/2023
"@lingmanembang","All are going baera",0,0,8/24/2023
"@vibevault-x3p","Honestly not only unemployment but it&#39;s like an interest of common people to go to foreign countries. Students want to go there for their better future. Our thinking is that we would be able to earn ourselves and live the way we want, no-one would be actually judging us. We aren&#39;t thinking far. But we aren&#39;t wrong here, situation makes us think so. Even our parents nowadays motivating us to try abroad like why? it&#39;s exactly because of &quot;what after education&quot;. unemployment is one thing and other thing is lack of job security in private sector. Our future isn&#39;t secure so what&#39;s the option? OfCourse abroad",0,0,8/23/2023
"@riteshdhungel9932","Nepal cannot compete with India and China in terms of being a service provider or a manufacturing hub. We need to focus on our strengths to create jobs, which are agriculture and tourism. Focus on adventure tourism, create better experiences for tourists and grow things that we can export. Look at small developed countries as case studies to see how they focus on their strengths to develop. But in the end it all comes down to political stability and leaders who are good in geopolitics.",0,0,8/22/2023
"@rknirjar6357","Dubai is not a country..",0,0,8/22/2023
"@mounteverestviewtv7644","आफ्नो देश  नेताले   बिगारे भनेर अझै उनीहरुलाई  मोज गर्न दिएर  आफू  विदेश   तिर गएर दुःख गर्न बुद्धिमानी कि ? युवा भएर  देश बिगार्ने ती नेता लाई  श्रीलङ्का  मा ती भ्रष्ट नेतालाई  खेदे जसरी खेदेर आफ्नै देशमा सुख सुविधा खोज्नु कुन बुद्धिमानी ?  चेतना भया 👍👍👍👍👍👍👍👍👍👍👍👍👍",0,0,8/22/2023
"@wak3upn0w","Mero gau ma pani 4 ota pipal ko bot cha",0,0,8/21/2023
"@Ken_710","When I was a kid, I had a vigorous desire to bring change into the country. The first time I heard about brain drain, I was mad furious. Gradually, I&#39;ve come to understand the situation more and more, which certainly is fading my determination of changing Nepal. It&#39;s sorrowful what reality does to people.",37,1,8/21/2023
"@dreamsup9851","This podcast is good but it can be better if you included the overcoming points of brain drain . How can we overcome this major problem ? Which plans to be taken to overcome this.",4,0,8/21/2023
"@dreamsup9851","If youth don&#39;t make change then who would make. America developed xa kina ki tyaha ko citizens le america lai develop gareka hunx .. desh ma kei xain i agree but desh ma kei xain vanne yo sabai ko responsibility ho ki desh ma kei garnu paryo xodera janu is not a solution. If hami le garena vanne kasle garx ..garne vaye hunz natra hudaina .afno astitwa jogaunu xa vanne desh ma kei gara .. ma tw yahi kei na kei garxu. 🙂🇳🇵",0,0,8/21/2023
"@eshabpradhan","Nepal sarkhar ko pragattii vanekoo nai , nepalii lae bedesh pathau neh hoo .... 😢 ...  111 <a href=""http://www.youtube.com/results?search_query=%23nepalrevolution"">#nepalrevolution</a>",0,0,8/21/2023
"@dipendraregmi938","Aujha puranai neta haru Lai choose garau dherai ramro hunexa 😢😢😢😢<br><br><a href=""http://www.youtube.com/results?search_query=%23aamale"">#Aamale</a> <a href=""http://www.youtube.com/results?search_query=%23kongrees"">#kongrees</a> <a href=""http://www.youtube.com/results?search_query=%23mawobadi"">#mawobadi</a> sabai <a href=""http://www.youtube.com/results?search_query=%23bhastachari"">#Bhastachari</a> party Hun Sabailai <a href=""http://www.youtube.com/results?search_query=%23bahiskar"">#bahiskar</a> garau 🙏🙏🙏🙏",0,0,8/21/2023
"@susanrai2689","Vai suni sakeko kura feri pani repost nagarana hau mujieee  chai vannu.. wait for reply of it 🤣",0,0,8/21/2023
"@kausalnepali8360","I hope this comment finds you well. I&#39;ve been an avid viewer of your YouTube channel&#39;s in-depth story, and I&#39;m continually impressed by the informative and engaging content you produce. Your ability to shed light on complex topics in an easy-to-understand manner is remarkable.<br><br>I&#39;ve been doing extensive research lately on network marketing scams, and it&#39;s alarming to see how many people fall victim to these fraudulent schemes. Given your expertise in creating informative and eye-opening content, I thought it might be a fantastic idea to collaborate on a video that exposes the inner workings of these scams and provides viewers with the knowledge they need to protect themselves<br> <br>Hope your team will go through it.",2,0,8/21/2023
"@heheboyholaamigo8742","staying in nepal means no progress and cant but a car due to high  prices even with 10 years of saving what is benefit of studying in collages where teachers dont like to teach and whole collage is drowing in politics so 1st choice fly away and never return",0,0,8/20/2023
"@coolboy4068","And I&#39;m proud of being Nepali 😂😂",0,0,8/20/2023
"@littlestars-slv","The main motivation of people going out of country is the political instability, if we get a right person on power like Balen, this trend will change on no time. <br>We need to vote to right people.<br>So as a youtuber, what we can do is give a brief about every candidate in next election so everyone knows who is good, who can make better change on the current situation.",0,0,8/20/2023
"@sandeepkhan_al171","Neta haru ley bujhna parni kuro ho yo",0,0,8/18/2023
"@pawangurung459","<a href=""http://www.youtube.com/results?search_query=%23correction"">#correction</a> - 3 crore is 30 million<br>you are welcome 🤌",1,0,8/18/2023
"@Music-loversince2000s","Nowday&#39;s teacher&#39;s also recommend us to go out of the country nd not to stay in Nepal, if you&#39;re getting opportunity of good jobs nd higher studies go out of country nd tells us they&#39;re regretting to stay in Nepal. Nd two teachers already left with the their whole family ...",1,0,8/18/2023
"@raisangita1283","How can 3 million be 3 crore ?? When 1 million is equivalent to 10 lakh ??? Stop giving false information, if you mean we have 3 crore population it should be 30 million not 3 million !!! With such kinda videos you  are making a joke or yourself all over the world and bringing shame to all the Nepalese,shame on you 🤬",0,0,8/17/2023
"@Amat3rasu-me7kz","We are going abroad cuz aru desh ko falako allu nikalna matra ho…lakh lakh halaraw padyo last ma bahira gayaraw allu khanni arabi haru basni ghar banauni…thau ma tyo padni paisa halako vaya aila sauu vayaraw basthya",0,0,8/17/2023
"@sammnetflix6344","And I’m too listening from Maldives 🇲🇻",1,0,8/16/2023
"@gunjaksthapa2721","<a href=""https://www.youtube.com/watch?v=_t2MyMVqddw&amp;t=74"">1:14</a> 😢",0,0,8/15/2023
"@alisadahal511","Very nice 🎉",0,0,8/15/2023
"@prabeshnp8842","As a +2 students who wants to study in my own country and contribute for the nation this makes me feel sad and worried about my own future as well as the nations future 😢",8,1,8/15/2023
"@jiwanlama2780","Ma +2 sakiye sakda mero dherai sathi haru Australia lai try gare, maile ni gare. Property ko jhamela le process hault vayo. Tespachhi halka jagar lagayera soch banaye ki Nepal mai padhchu baschhu and kei business kholchhu. Ma 20 years ko thiye. Reality ma vanda imagination ma jiudai rahechhu jun kura aafulai nai thaha thiyena. Hillside tira hotel kholchhu ki euta motorcycle showeoom kholchhu, dhukka le paisa kamaihalchhu vanne aasha ra jagar thiyo. Bachelor gardai garda dherai sathi harule bich bich mai Australia gaye. Koi koi chai Japan ni gaye. Antya ma Bachelor ni sakiyo ra aafu sanga 14k ko job bahek kehi thiyena haat ma. Tesle jiwan chalne thiyena. Jiwan ko kura chhodum tyo samaye ko eklo huda ko kharcha ni tarnu garo vayo. Tespachhi aayo corona. Tyaha samma aauda situation yeti garo vaisakeko thiyo ki Nepal basera napugne Australia jana nasakne vayo. So tyo bela ali popularity gain gardai aairaheko desh Croatia ko barema sunna thale. Interesting lagyo. Kei major cvs nachahine ani dherai lagani pani nachahine vayera aafno luck yetai try gare. Ra sabai process pura garera yaha aaye. Aile 2 barsha vayo. Suru ma aauda eklai thiyo company ma. Nyasro lagthyo. Ek barsha jasto vayepachhi company le ajhai Nepali haru lyaune vane pachhi maile aafno aafanta ra chineko sathiharulai kaam offer gare. Aile 4 jana plus 2 jana feri aaudai chhan. Kamai dherai chhaina tara company le sabai subidha diyera 1 lakh jati kamai hunchha. Aafno sathi bhai ra kei aafanta haru ni sangai chhan. So aba yo sabai huda ma Nepal kina farkine? Tei andhakar ra kalpana ma matra dubna? Malai Nepal ko maya chha tara tyo maya le mero jiwan ramro sanga chalchha ra? Hola Nepal ma ni opportunity haru tara ma jasto middle class family ko ghar herne euta matra income source le aafu ani pariwar sukha sanga rakhna sakla ra? Dherai high profile nahola tara Croatia ko salary le mero ghar ko pariwar haru aananda le khusi sanga basna pako chha. Malai future ko chinta chhaina. So ma kina Nepal farkine? Now I understand what do you mean by manchhe haru bidesh gairako chhaina, desh chhodidako chhan. Ma pani tei madhye euta hu. Jay Nepal, mero Nepal jindabaad tara sayed maile Europe lai nai aafno future sumpiye.",8,3,8/15/2023
"@yejutuladhar2989","&quot;Bolna sakne Lai baira pathaide nasakne Lai yehi rakh.&quot; Well said .",5,0,8/14/2023
"@babayaga9046","&quot;One of the penalties for refusing to participate in politics is that you end up being governed by your inferiors.&quot; — Plato",0,0,8/14/2023
"@notsoclassic_aasha","Whats more depressing is <br>Even hamro ekdam close one I cannot convince them",0,0,8/14/2023
"@kiranthr2877","I feel sad and helpless. I don’t believe in god but god please save my country 😢, ma parye pani mero desh bachi rahosh  🫡",0,0,8/14/2023
"@nareshaff3593","Most effective plan is to leave country and settle down there. 😢",0,0,8/14/2023
"@shreechanchitrakar1174","Nepal ma bauko sampati cha vane matra basne ho ,, natra kta ho, bidesh gaihaal.",0,0,8/14/2023
"@JetxenStudioMusic","😊Nisavdha",0,0,8/13/2023
"@bimalthapamagar123","सर नेपालमा भोक मरीमा लाग्न लाई सकेयो  यस्मा कोसैकोनी ध्यान गको छैन मनिसको एक महिनाको तलबले आफ्नो खर्च टर्दैन झन परिवार कसरी पाल्ने सामान को मुल्य बढेर आकास छुन लाई सकेयो सर यो बारेमा एउटा भिडियो बनाउनु परेयो plz.😥🙏🙏🙏🙏🙏🙏🙏🙏🙏🙏🙏🙏🙏",0,0,8/13/2023
"@editIQYT","They are not migrating, they are fleeing.",0,0,8/13/2023
"@kirangurung-nu7zm","nepal ma basnu wa bidesh bata farkera nepal  aaunu nai galti hooo. huge mistake",0,0,8/12/2023
"@AB_Lyrics253","Me watching from canada😎",1,0,8/12/2023
"@keyrunjung5553","sir , please make a video on ongoing private school strikes.",0,0,8/12/2023
"@sabnamgurung-l2i","It is very sad that nepali youngsters are leaving Nepal and Indian are taking nepali citizenship. If it keeps on going on very soon there will be no Nepal in world map😢😢😢😢 you can’t find any happiness in this world. Just find peace inside you. Everything is inside us, don’t just follow money, cars house. Try to find happiness. I realise this recently n finding peace inside me. If 10%of educated ppl r like balen sir, soon nepal will become Switzerland. So stay positive n think positive. Jai balen sir",0,0,8/12/2023
"@crish775","Yo editor dai chai rit ma padnu hunxa pune ma",0,0,8/12/2023
"@aayushpaudel5798","Timi po content banayera safal vayeu ta ani kai na hune haru jane ta ho ni bihera",0,0,8/12/2023
"@prathambijukchhe5515","class 1 ranker is leaving the country?<br><br>what the fuck I&#39;m doing here?<br><br>it&#39;s suck",0,0,8/12/2023
"@bishalkarki3771","Its a bitter reality of REPUBLIC Nepal! How far do we go with this reality?? very awful!",1,0,8/11/2023
"@Rohitbishwokarma1516","Daju  nepal ko ancient architect ko bare ma vidio banaununa please 😢<br><br><br>Khathmandau ko ghar haru ko technology haru ko khash gari",0,0,8/11/2023
"@kuberrana3356","TU ko ta yo halat xa. AFU jasto manxe lai patto nai na vako uni ma K hola.",0,0,8/11/2023
"@syanden923","🫶🏼",0,0,8/11/2023
"@nextlevel9753","नेपाल लाई इंडिया बनाउन लागेको हो।",0,0,8/11/2023
"@aforaltf4901","payra port bangladesh  le nepal lai deko barema ni bhujaunu na tes bata huney adv and dis \\\",0,0,8/10/2023
"@prayash92","नेपालीहरु विदेश गैरका छैनन् देश छोडिरका छन् । Exactly यस्तै भइरको छ ।",0,0,8/10/2023
"@AbhishekThapa23","Everything has it’s time and cycle everyone is going aboard ok who have pr and green card they will remain in aboard and rest of others are mostly going as worker in gulf, malaysia, etc type country most of the country are facing economic issue now days and mostly after some years 50-100 years gulf will be out of oil and they aslo face some economic issue as vast now and our nepali brother will have to back in homeland and then the situation will be more wrost and everyone is not rich to affoard big country mostly today our country is stable in remittances and after some 50-100 years this will be became a disaster even many brother are facings low wages and job issues in gulf countries now days. How many of us will get chance to go usa Canada Australian some lakhs peoples only and mostly students didn’t send that much money like others which create more remittances. Already they took too much loans and stuff some years they will need to settle themselves and after they invest money in foreign for living there. We are so relabing in foreign one day that’s immigration will be stopped or low  and It’s will make a disasters. I am not saying not go to foreign am just saying our government create such a situation for us to go aboard and we also want make a good healthy and wealthy life but we are making a virus inself slowly which will surely create a huge economic revolution in future. If hope new leadears and youths will come in power take nation to another way so we can independence on toursim, electricity and local production.",2,0,8/10/2023
"@peacelovernepal","तपाईं इलामको हो? Nice 👍 to hear your words😊",0,0,8/10/2023
"@aakashjana6988","30 million i guess ? Not 3 million 😅<br>1 million bhaneko 10 lakhs right?",0,0,8/10/2023
"@babylover..8569","Sir Nepali bol nu garo vako sir lai",0,0,8/10/2023
"@shekharpanthi3067","Slowly the people of Nepal are leave country and the country will be empty😢😞",0,0,8/10/2023
"@ALL_AR0UND","If you cant change the country,chang The Country.<br>Age average ma 65+ huncha, 20 barsa padiyo yeta uti vayo gayo, (ma chai yehi bachelor gardai ch),  Padisakey pachi ne life set huney khalko job chai unless you are corrupted, lifestyle ekdam low cha, yei mehenat uta garda thikai lifestyle huncha vaney kasley desh desh vanera bascha, job ko lagi ali ramro ma chirna power chaincha ki Highly Deserving huna paryo. Change the country is for us, kati desh vanera basnu. Engineering sakesi gaiyincha bidesh baru.",0,0,8/10/2023
"@attentionseeker999","<a href=""https://www.youtube.com/shorts/IzrthjHThj0"">https://youtube.com/shorts/IzrthjHThj0?feature=share</a>",0,0,8/10/2023
"@namraglimbu2814","Voice ta suneko thia..aba face pani dekhna paiyo..katainbatoma vetda kura garamla vai sanga..😎👍",0,0,8/10/2023
"@sudeeps735","its all beacaue of indian who are not giving first preference to nepalese... they are buying everything from india and don´t use nepalese product...i dont see indians in bhat bhateni...",0,0,8/9/2023
"@rinakarai6859","Thyakai vagi raheko xa chor daka lakhetna nasakne ani surakxya ma bachna chahane hami nai hau",0,0,8/9/2023
"@ergotrench","3 crore would equal to 30 million and thank you for the statistical data about other facts",0,0,8/9/2023
"@NAOMI-v2r","The government must stop, specially students.",2,0,8/9/2023
"@dreamer8344","Tension banai deyo yrr kura sunera nai😢",0,0,8/9/2023
"@saritashrestha469","Jaba ma sano thi taba lagthyo afno desh chodera janchan ma mero desh lai maya grxu but jaba thulo vaiyo jaba responsibility aaiyo jaba future ayo ani nepal ma k hi hun skena ani aba bidesh jana man lagdai aayo 😢😢",0,0,8/9/2023
"@classicrock2560","raja la janata marako thya neta haru la desh na khaideya worst bhayo Nepal Maobadi Congress Yamale ko raaj bata",0,0,8/9/2023
"@basudev7718","Nothing wrong with Nepali going Bahira .. Not even big deal.. <br>Nepal need enough capitalism, skilled resource, knowledge, good culture to compete with the rest of the world .. world of diasporas are common culture around the world, this is how generations perceives new world, it’s not us then upcoming generation.. we are already so much late behind first world countries .. but why would anyone think his stupid talks going to pay that cost … <br>Important issues supposed to be how to bring skilled manpower in Nepal, prosper business opportunities, beauty and culture of Nepal .. etc..",0,0,8/9/2023
"@sakshamrupakheti436","A great personality",3,0,8/9/2023
"@bikkeyacharya","This is true, thanks for this voice",3,0,8/9/2023
"@Mt.herzberg99","But, does this video content gonna work to specific person for change?    NEVER",1,1,8/9/2023
"@Rohanshrestha864","k vannu ra dai <br>ya neta vanda pani janta khattam ho",0,0,8/9/2023
"@EasyDiyCraft007","Nepal ma basne vaneko 3 jana matra ho.<br>1  Sargari job garera ghuss khana manche.<br>2 Poltical power misuse garera business garne manche.<br>3. Bau ko Tanna paisa vayera basi basi khana pugne manche.<br><br>Baki tapai hami nepali vaneko dhilo chado desh choderai jane ho. There is 0 opportunity and 101 challenged in nepal if you want to do anything good.",0,1,8/9/2023
"@RiwalGuragain","Fun ak side tira xa rw geyan ak tira xa nepal ma yesto content banauna yt chanala 5/6 wota matrai <a href=""http://hola.love/"">hola.love</a> you bro from sankhawasava.keep it up✌️",2,0,8/9/2023
"@ericjohnkhawas9163","Abo India ma pani estai cha halat",0,0,8/9/2023
"@raazkarki4808","Thanku for your hard work and kind of information <br><br>aru kai help garna naskeyni hajur ko channel ma ayako Ad full time watch gardinxu ❤️<br>thanks again",2,0,8/9/2023
"@laxmanastha7726","We are youths have to speak out of podcast as well same kind of advocate",0,0,8/9/2023
"@Mr.Magic.foryou","Me who is watching from bides 😂",0,0,8/9/2023
"@shorties9909","Wow! it&#39;s one of a sucessful achievement of Gaadtantra Nepal.",2,0,8/9/2023
"@BibeshManandhar","This is sad 😔😔😔😔.<br>Garne k ta ?",0,0,8/9/2023
"@mandipdango","3 Million is not 3 crore, I don&#39;t know how you&#39;ll correct this lol.",0,0,8/9/2023
"@sandesh.sukubhattu","3 million = 30 lakh.<br>How 56 lakh are outside.<br>Podcast ho bhandai ma j ni bolidine",0,0,8/9/2023
"@Susil_Adik","Durbar hatyakanda research garum na bro haru , i can trust about your homework",0,0,8/9/2023
"@SurajSingh-ny5ju","NO JOB OPPORTUNITY !!!!!",0,0,8/9/2023
"@daisy1113","Even if some decided to stay in Nepal after their studies,pursued career in Nepal are leaving as there is very less chances of growth as &quot;ramro manche haina hamro manche&quot; are chosen.",2,0,8/9/2023
"@punammarar7702","Manxe bides gaye ra xaena.desh xodi raxa hits hard😢",0,0,8/9/2023
"@camillyshrestha2306","It&#39;s 30 million.",0,0,8/9/2023
"@Anonymous-zf7rv","Nepal has no future at all nepal is only for politicians, super rich ppl and gundas. Hardworking intelligent all are gone.  Nepal is hopeless",0,0,8/8/2023
"@Random_Snap","Nepal will get merged with india after 20 years <br>So better settle yourself in abroad for your better and secure life aaile dekhi nai <br> <br>Madwari ra bihari le varinxa yo desh <br>Janmat sangraha and then rest will be history",0,0,8/8/2023
"@deepakpandey3035","Sad reality",0,0,8/8/2023
"@avy5842","<a href=""https://www.youtube.com/watch?v=_t2MyMVqddw&amp;t=85"">1:25</a> what was that",1,0,8/8/2023
"@ramharishrestha6106","ma ta janchu mauka paye. Nepal ko gusiya prabridi le garda sab bigrisakyo",0,0,8/8/2023
"@Sunilchaudhary-dy5fg","Ajhai pani chor haru lai vot dini rw Nepali haru le...",0,0,8/8/2023
"@poojabhattarai9696","10% intellectual hoina pariwarik ramro batabarn vako haru chai vannu milxa",0,0,8/8/2023
"@aryanpathak23","dai SAT ma 1400 kasari katauney euta video banaidina paryo",0,0,8/8/2023
"@giftsenpai","Nepal,<br>K garnu maya lagxha afno desh ko sav lai, tara maya le jindagi na chal la<br>Desh le maya garne vaye ta sayad basthe hola manxe<br>Tara teo maya ni na payesi <br>Janxhan sabai baira,<br>Koi ramro bhawishya ko khoji ma ta koi naya desh ko khoji ma.",0,0,8/8/2023
"@राजनगोंगल","👍👍👍👍👍👍",0,0,8/8/2023
"@sportsmania5969","They are going bahira 😂😂",0,0,8/8/2023
"@studybuddy6642","राम्रो संग नेपाली पनि बोल्न आउँदैन धेरै मान्छेलाई मान्छेहरू गैराछ भन्छ । यसरी मान्छेहरू किन बोल्छन् होला ?",0,0,8/8/2023
"@prabinpulami68","Wow what a logical talk",0,0,8/8/2023
"@sudhansuthapa8843","3 crore bhanya 3 million hoina ni",0,0,8/8/2023
"@sushantadhikari7874","Big problem is that government is not stable!",0,0,8/8/2023
"@aayushtumbahanglimbu211","It&#39;s hard to believe our insane life how worst is going on",4,0,8/8/2023
"@BiwitRai","Drastic voice change.",0,0,8/8/2023
"@apekshyatimalsina","This kind of increasing foreign imigration and high inflation in Nepal is causing negative  psychological changes in all youths mind..It is emptying all menpower who are very necessary for strong and rapid development of Nepal..",6,0,8/8/2023
"@SAJANMAHARJANofficial","First of all mero point of view lack  of quality education and the bad politicians is the major problem in our country maximum citizen haru uneducated haru bahira xan scam nai scam controversy nai controversy yei xa nepal ma ahele desh ma jobs paudaina only qualified people haru le job pauxa then unqualified peoples chahi k job nai nagari basne???",0,0,8/8/2023
"@kamalmagar2352","Desh ko halat harera yo desh ko boj feel vo yll ma ni hindinxu bidesh",0,0,8/8/2023
"@bishoosonrai1199","हामी विदेशीहरू नेपाल फर्केसी नेपाल धनी हुन्छ। हाहा😂",0,1,8/8/2023
"@jomapiku2698","त्यो बोल्दा बीच बिचमा अंग्रेजी किन हाल्नुपर्ने के यो नेफोलीहरुलाई I कि पुरै अंग्रेजीमै बोल कि नेपालीमा बोल।  १-२ सब्द अंग्रेजी पर्नु भनेको ठिकै तर के नाटक हो न अंग्रेजी न नेपाली मु *",0,0,8/8/2023
"@kashsres1064","Sushant bro le vane jasto Australia ma Nepali haru 2 Jobs, din ko 15-16 hours kaam garxa ghar aauxa sutxa ani bholi pheri same routine plus college pani cha. Kasari manage gari raheko hola hai.<br>Yes Nepali haru hard work, mehenat garna sakxa. Nepal mai kehi opportunity, tyo kaam, mehenat garne thau ra situation vayeko vaye kati ramro hunthiyo. Tyo sabai Nepal kai lagi garna sakthiyo. Most of them would stay in Nepal.",7,0,8/8/2023
"@binayakarki5576","Big faan man ❤😢",0,0,8/8/2023
"@Nepalwizgamer","ing   englissssh",0,0,8/8/2023
"@sureshshrestha0","We need guys like u to lead the Nepal who r most aware of condition n who can really help to solve the issue. So better b in the field as well.🙏🙏🙏",3,0,8/8/2023
"@samitgurung6980","Loved your research and dedication on such topics.",2,1,8/8/2023
"@milanlimbu1163","We&#39;re needed more like this types of content",3,0,8/8/2023
"@Ben_CaLora","Podcast wala video arko channel ma ani paila ko jasto video yo channel ma halnu na<br>Duitai merge garda ali thik laagena",0,0,8/8/2023
"@adeshrai3042","tribhuwan airport nachunera thulo galti garexu",0,0,8/8/2023
"@sheetalaryal5522","Finally Nepal ma Indian conolization hune hola😢 Nepalese are migrating and flexibility in handing over Nepalese citizenship is prevailing in Terai 😢😢😢",5,1,8/8/2023
"@Biswasgoldsmith","Yo tapai ko ho jasto lagyo malai",0,0,8/8/2023
"@LaughLooper_gg","Repost garyako maile podcast mai harisakaya  😊",0,0,8/8/2023
"@manishshrestha1533","Curretly I am studing BBS 3rd year and out of 40 students in 1st year now there are only 10 students are left in the class .<br>Private college ma ramro hola bhani padha ko depressed po feel hunxa.<br>And baki students pani abroad jana try gari raxa even in arab countries .🥲",11,0,8/8/2023
"@암살자_100","It is the dark Truth of Nepal &amp; bad thing is nobody want to change it 😢",3,0,8/8/2023
"@Alex.Mgr123","Love your video",0,0,8/8/2023
"@yashaswishrestha","Solution discuss garam baru problem sab lai tha cha.",0,0,8/8/2023
"@balaramsharma4966","People like you should support youngstar like Balen, Sagar Dhakal, Harka,Rabi  like people so that by 2084 we can at least get some good leader who can think for people and Nations and the real problem of Nepal .<br>Enough is Enough K.. we are tired of Prachande ,Oli and Deuba K.. pls it&#39;s time for change .at least for our future and future generation.. <br>We should love our country K.. no matter what.. when I see our neighbour country growing so fast ..I feel sad yr... Why we are at the bottom..why K why?? <br>Anyways I Love Nepal 🇳🇵",11,0,8/8/2023
"@balaramsharma4966","People like you should support youngstar like Balen, Sagar Dhakal, Harka,Rabi  like people so that by 2084 we can at least get some good leader who can think for people and Nations and the real problem of Nepal .<br>Enough is Enough K.. we are tired of Prachande ,Oli and Deuba K.. pls it&#39;s time for change .at least for our future and future generation.. <br>We should love our country K.. no matter what.. when I see our neighbour country growing so fast ..I feel sad yr... Why we are at the bottom..why K why?? <br>Anyways I Love Nepal 🇳🇵",0,0,8/8/2023
"@Ssgg-q6v","Ma ne jadai xu aba !! Desh mae ke garam bhanera lage the sakena garna garnai diyena desh ko nikaye le umer dhalkinu agadi bidesh nai last option",0,0,8/8/2023
"@rino_dipu","Heart touching :Nepal basna ta  born with golden spoon hunu parxa❤❤❤😢😢",10,0,8/8/2023
"@sirjohnworld3108","Yo Nepal ko neta haru lai tik parnu parcha, aba tiyo din aaucha jaba Nepal ma Nepali haru hoina foreigner haru baschan ra yahi foreigner haru le Nepal lai rule garchan, yo neta haru lai paisa matrai cahiyeko cha, yasto neta haru lai PUNCH hanera khola ma falidenu parcha",0,0,8/8/2023
"@susildahal2901","You are right😢😢😢😢😢😢😢😢😢",0,0,8/8/2023
"@sudipC2002","Deep problem of nepal💔",2,0,8/8/2023
"@saurabhbhattarai1859","Guff gara vosadi haru<br>Chilli chaplo luga jutta lagau khau gadi kudai guff gara<br>Jholepanti banda garnu parca varera kunai YouTube channel le vanna nasakekai ho ta?<br>Gaad caina vane gu khao guu kati sunnu tmaruko guff yar",0,0,8/8/2023
"@saurabhbhattarai1859","3 crore = 30 million<br>Please unsubscribe this channel, neta vanda besi stunt hanca yar",1,0,8/8/2023
"@juniordev4190","Don&#39;t worry government is trying hard to fulfill the vacum by the Biharis.",2,0,8/8/2023
"@SoraTalesStory","kina basnu raja nepal ma ........parttime jobs ni xaina .. loan liyera college padnuparxa ani tyo loan tirna nasakera bidesh januparxa.. students loan ni xaina ......so ma janxu",0,0,8/8/2023
"@redcake4511","We start business 15 years ago.paila sabai ramro thiyo bank bata kam byaj ma loan painthyo byapar hunthyo but aile byaj mahango rent mahango byapar  paile jasto xain..mahango byaj ma invest gareko paisa mahango ghar rent le garda lagani uthna pani garo x.aile 15 year business garera 35 ko age ma ma katai bides Jane sochdai xu passport pani banai sake ajhai jane ki nepal nai basne fix xain ab herum k hunx???",3,0,8/8/2023
"@creatownlife8422","I hate being Nepali<br>Jastara gorkha,gorkha garay<br>K lado garo tyo gorkha la,<br>British la rule gara ko vaya Developed hunthyo nepal<br><br>........<br><b>****🍌 K payes Nepali 🍌kara***</b>",0,0,8/8/2023
"@creatownlife8422","British should ruled Nepal, For development.",0,0,8/8/2023
"@pradeepshrestha666","फेरि loadsheeding हुन थालेको छ  ... के कारणले फेरि loadsheeding हुँदै छ ???? कुल्मान जि हुनु हुन्छ त्यै पनि loadsheeding",1,1,8/8/2023
"@KambizShrestha","Probably too late to fix it but 3 crore is 30 million.",2,0,8/8/2023
"@PrakashVast","There is totally lack of visionary leadership in our country. That&#39;s what makes the country worst.",1,0,8/8/2023
"@just_Vibin404","Afno desh ma basna nachahane kasko ichya hunxa ra, badhyatale ho hajur. At this point, maele kam ma gareko dukha sayad bahira gayera gare vane Mero ra Mero family ko future ramro hunexa. I too am planning for future in abroad for better education, better income and quality of life. Dukha lagxa but yahi satya ho",1,0,8/8/2023
"@FreeGuy560","Gari khana dinnan yll 😢😢😢😢nepalma😢😢😢",0,0,8/8/2023
"@shajinrai4346","Yo nepal matra hoina sopoi garab desh ko katha ho even European country jastai Romania Poland Bulgaria Bangladesh Sri Lanka Pakistani 😅",0,0,8/8/2023
"@PrakashVast","Situation is worst jaha gaye pani",0,0,8/8/2023
"@FocusUs2","We were having a lot of discussion on this topic as well. After 10-15 years the situation is going to be miserable! Litreally everyone is going abroad!",9,0,8/8/2023
"@chimkandi.1","<a href=""https://www.youtube.com/watch?v=_t2MyMVqddw&amp;t=1"">0:01</a> 3M vaneko 3 crore ho? 🤔🤔😂😂",2,0,8/8/2023
"@deepkr7510","Yes <a href=""https://www.youtube.com/watch?v=_t2MyMVqddw&amp;t=163"">2:43</a> You said it Nepalese people are leaving country they are not going abroad. Only few return and start doing business in Nepal. In my opinion it is some grand design to make Nepalese Youth to go abroad and distributing Nepali citizen to neighbors. After main Nepalese citizen will be in minority and Constituent Assembly will be also be controlled by friendly neighbor and then Our Nepal will be developed like Singapore, Bihar and then those Nepalese citizens who have gone abroad will not be allowed to come to Nepal and they will be treated like Bhutanese Refugees and after then Mr. Nepal and Mrs. Nepali will realize that the main reason Nepal was not developed was due to Nepalese poor mindset. Jai Nepal",6,0,8/8/2023
"@shikhardahal1236","Taliwan jastai satta kabja hunxa Nepal ma kehi time ma",0,0,8/8/2023
"@SimpliData","5 years loss because of TU (my golden years but still couldn&#39;t do anything)",10,0,8/8/2023
"@rijan0_0","Ki Nepali nai bolau ki Englis purai bolau bich bich ma English naghusau  afnai bhasa ko nassh ho",0,0,8/8/2023
"@MichaelDangaura","Love you in depth story <br>You are handsome even inteligent❤❤❤❤❤❤❤",1,0,8/8/2023
"@Sikkimdailynews","Face revealed wow!",0,0,8/8/2023
"@rajendra-2023","The problem here is people who want to work hard do not get better result and there are people who want to leave the chaos. Either way people are leaving. And the sad news is that most are youths who are needed for any country to run its economy, and other important functions efficiently and smoothly. This is very clear that getting rid of youths is the only way to win every elections for politicians.",10,0,8/8/2023
"@caslook.kalliades","The problem of Nepal is also the potential of Nepal. You only need to see that what is missing in Nepal right now, is exactly what can bring growth to the country! The nepal government should encourage investment in Nepal from Nepali citizens that went abroad, not make it difficult for them to come back",18,7,8/8/2023
"@parmeetxeetry9615","They are going bahira ):",0,0,8/8/2023
"@anantakafle6117","I also feel that I should have choosen Tribhuvan Airport instead of Tribhuvan University😢",8,0,8/8/2023
"@donotsubcribeok","Hunekhane Lai k sunae rakheko saath Pradhan sarkar Lai .......yestoh feeling middle class le matra bujne xa hunekhane bujne xaina",0,0,8/8/2023
"@kabirpudasaini4130","option k xa k nepal mah ?<br>supposed ma nepal mah xu rey ?<br>ma k garam aaba ?<br>i want a environment where i can study and work in same time <br>part-time work available huna paro. If mero class 9-12 hunxa bhaney 12 bajey paxi i should have lots of option to involve in works. If 9-5 clz hunxa bhaney should be only for 2 days or 3 days and i should have option of works where i can work only 4 days in weeks.",0,1,8/8/2023
"@Terror16326","Ilam ma ta population badhya jasto lagxa malai ki sab manxey headquarters tira ayera yesto lagya malai.....",0,0,8/8/2023
"@MMAShorts328","Jay hoss party ko jhole haru lai,<br>Desh ko halat yesto banayeko ma.",0,0,8/8/2023
"@rabinhanglim","Baideshik rojgari garo xa",0,0,8/8/2023
"@Japanlife69","3million or 30 million 😒😒",1,0,8/8/2023
"@ujwalshrestha8432","Face reveal?",0,0,8/8/2023
"@dannydel8617","One day there will be no Nepali  in Nepal😢😢😢😢😢",3,0,8/8/2023
"@rajuguragain2626","main reason           gayako realtives raw social media influncers haru lay proudly nepal ma scope xaina janai parxaw bahiraw vanara ho      social media raw abroad ma huni haru lay youth ko brain wash gari rako xan       teenage ma hamlai kasai lay thulo vayara k garni vanda doctor pilot engineer vanythim     aahile ko teenage lai k padhni tha xaina   k garni vanda   abroad jani 😊",3,0,8/8/2023
"@nirojmaharjan8051","How many people who goes abroad for study comes back? Is there any data about this?",3,0,8/8/2023
"@prahladpanthi7885","And now many skilled people are leaving the country. Not because of unemployment, but they are looking for a better life style and salary. For instance, Nepal ma Engineering sakera you just get paid around 10k - 18k. Even after a year or two years of experience you don’t get paid more than 30k - 45k. But tei kaam for instance Australia ma garda you get paid really well. So it’s a no brainer to leave the country. And this is a serious issue for Nepal.",8,0,8/8/2023
"@prabingurung628","Nepalese education system is a joke prove me wrong",0,0,8/8/2023
"@rakjuranbir858","Yetro big scale maa conspire garna sakne chyamata ta chaina hau hamro nepal sarkar ko. That conspiracy is the funniest shit i ever heard. 😂😂",3,0,8/8/2023
"@nbnhangLimbu102","Bidesbata herdai chu ma fry 😂",0,0,8/8/2023
"@GM777-gm7","<a href=""https://www.youtube.com/watch?v=_t2MyMVqddw&amp;t=359"">5:59</a> that one is 200% true fact😢",0,0,8/8/2023
"@GM777-gm7","I can’t control my eyes 🥹🥹",0,0,8/8/2023
"@BuddhaLama-yp1ny","Kheti pati garum Kham j xa garum vnny soch ko mnxy xaina Nepal mah😢.. swang vwang ley nai ho yo vako jasto lagxa..",0,0,8/8/2023
"@BuddhaLama-yp1ny","Bidesma dherai jastoo veda haru vety😢.. moh tyo jaat ta tyoo haat uff hami aafai testai xa k doos dinu arulqi",0,0,8/8/2023
"@gau-ra-v","म पनि देश छोडेको, गएको हैन, वातावरण बनाउनु पर्यो, कोसिस गरियो तर सकिएन।",0,0,8/8/2023
"@devlimbu947","Chaldai jane ani haiti banne aru upaya chaina. Thats the last report card of nepal.",0,0,8/8/2023
"@thakurwaiba4438","Truth..ma college tropper vyera ta lebour kam garnu parekothiyo because no political power .. without political power you can&#39;t do nothing so Kohi Pani kamauna hoina future xaina nepalma tehi vyera  Des xodera  aru desma settle huna aaerako ho...so ma Hal Portugal ma xu kehi barsama aafno buo Mami budi and xori haru sabai lerayera yetai settle hunxu because correpation, everything expensive like  food health education ,no oprtunity ,",4,0,8/8/2023
"@roshankhadka3208","The  economy will continue to run it wont be diversed as of now  but i think tourism sector will also boom as the working abroad increases the spending power of our people will increase. The people who went developed countries might settle there but they will return to visit Nepal with much more spending power also they will act as a branding source in developed countries so tourism will likely to be boosted,the working class in arabas will return they most of them invest those money in hotel sector farming.<br>Think positive nowadays so much negativity in social media",7,3,8/8/2023
"@ashutoshchhetri9225","Dukha payam mangaley, afnai dhangaley!! Jai Gadatantra",0,0,8/8/2023
"@disguisedarmy3451","I want to go home but I can&#39;t 😢",1,0,8/7/2023
"@imBK.","Our political situation is more focused on history rather thẹn future hami lay democracy lya ko hami lay yo gare ko matra vanxaa",0,0,8/7/2023
"@roshankhadka3208","International funding helped maoist overthrow the king, so they made Nepal a puppet and now fill the gap of their decreasing youth population through different country in the name of free trade and democracy and they keep growing and we  lack behind.",0,0,8/7/2023
"@bisgamerz1","3 million bhaneko 3 crore how <a href=""UCkszU2WH9gy1mb0dV-11UJg/Z8MfY8mzLbnovwK5roC4Bg""></a>",1,0,8/7/2023
"@sauravbasnet398","I hate my birth in nepal    nepal is hell in the world",0,0,8/7/2023
"@romankhadgi5741","❤️",0,0,8/7/2023
"@ikshahangsubba6371","u guys need a cloud lifter input gain clipping vai ra cha jasto cha mic ko",0,0,8/7/2023
"@dgdragon5225","Thank you for sharing this 😊🙏",2,0,8/7/2023
"@Miguelangelflix","You are doing a good job bro❤❤❤",4,0,8/7/2023
"@lukendrasingh2384","Great going bro keep growing i have seen your journey from few hundred subscribers to this Great do ur research well and keep creating Kudos to all your team",7,0,8/7/2023
"@laxmanthapa640","Such a good content  but bro either go with nepali or English language while ur talking   really. It sucks  ur making topic of nepal n here ur keep using   broken English.  I love n respect ur work but that English was like salt with Tea.",1,0,8/7/2023
"@gameandfun8039","What do we export? There&#39;s a very few list for it.<br>what do we import? Almost everything....<br>For our country&#39;s economy to get running it must export something huge to compensate the gap between export and import, and that&#39;s exporting human resource. Otherwise there is no way to run our country.<br>(I am not an expert in terms of economy, but this is what I think.)",3,0,8/7/2023
"@modernsage8132","solti ko himmat lai mane, raja ko dynasty sakaune tauke haru lai aula dekhaunu, sabai lai tha vakai kura third world country ko government first world ka direct working mafia huna, no matter which third world country",1,0,8/7/2023
"@brokenbones5684","Arko better truth : More than 90 % of fresh graduate doctors are either leaving the country or planning to leave the country and nobody …. cares. This is Nepal and it remains until this political heads.",3,0,8/7/2023
"@scikick","Even if you&#39;re employed and earning the top 1%, you will never save enough from just your salary to ever own a house in Kathmandu. This is sad. <br>Unless you&#39;re already from a privileged well-off family with lots of properties, or a corrupt government official, or someone lucky enough to build a business, there&#39;s no hope for the working class here. <br>I love Kathmandu&#39;s food and weather and people. But I have moved to the States because I can actually build a life there.",76,2,8/7/2023
"@AItunes-g1h","Yo dui teen sal dekhi youth haru bidesh Jane wave chali ra xa friends circle nai sanu hundai goi ra xa ani yo pani sahi ho ki 6 to 10 years ma nepal old age nation hunxa",2,0,8/7/2023
"@gamerzone4008","Yestai chalirayo bhane aaba ko 20 years ma Nepal ma nepali nai minority hunxan kina ki different policy le Indian le nepali citizenship pairako xan paxi tini haur election ma uthxan, Indian majority bhaeay paxi tinihaur le nai jitxan parliament tinihaur ko Matlab government of Nepal India ko control ma hunxa. Sundo Hawa lagxa hamlai Tara depth ma gayeu bhane nepal ko future tehi ho. Political instability rw jhan economic instability ko lagi caste , religious  rw ethnic group  bicha ma civil war Pani hune chance high xa kina ki society ma lower background bhaeayka citizen Lai brainwash gardai aandolan ko lagi badawa diraheko xa. Ani-sanatan religion( Hindu, Buddhism rw kirati) ko Sath sathai monlogian structure bhaeayka daju Bhai haur Lai Pani brainwash garidaixa rw yesko lagi  heavenly funding hudaixa. No hates to all Tara reality yehi ho. Hami sabai Jana milera basenau rw yo strategies bare aware bhaeaynau bhane future dar lagdo xa.<br><br><br>[ Nepal different caste, religionand ethnic groups ko Sundar fulbari ho] <br><br>Mah Bahun Mero Socha Bahun, chettri, janjati, dalit aadi Hami sabai daju Bhai ho hamilai uslaieayla ekaarka ko birudha ma lagna chojieayla Tara Hami sabbai milera basnu parxa rw ekaarka Lai Sathi dinu parxa.",0,0,8/7/2023
"@RanaBishal-t2f","Became suscriber after watching 1st. Video.",1,0,8/7/2023
"@kailashmagar3926","I came to the Uk in 2020, at that time I wanted to come back Nepal after study in 3 years but time sangai now I don’t have answer “Nepal gyer k garne ?”.. at least Yata Basera m, I am fulfilling needs of my family…Paisa Kamayer Nepal janxu business grxu vanne ho vane pni thaha nai xa Nepal ko halat politics power bina",36,1,8/7/2023
"@sandeepkhanal2588","दाई डर लाग्छ ।",3,0,8/7/2023
"@krishnajaishi13","❤️❤️❤️😂",0,0,8/7/2023
"@drift5659","Have a flight to canada after 10 days😔",3,0,8/7/2023
"@PCGNp","Consequences! :) We are destined to be doomed.",0,0,8/7/2023
"@Laxman_Dangii","total population of nepal is 30 million not a 3 million .😂 dont give wrong information 😂😂",0,0,8/7/2023
"@aashishneupane6121","Nepali haru bidesh gairaxaina,desh xodiraxa. This was deep",2,0,8/7/2023
"@pramodgyawali9630","+2 pachi visa layena vane ta depression ma gaynxaa😢",4,0,8/7/2023
"@jibankhadka1243","Hapta ma   1 video halne garnu tw kati late haleko",0,0,8/7/2023
"@bansrrajkhojwar5495","Nepali lai bahira pathau indian lai bhitryau niti xa nepalko",1,1,8/7/2023
"@arjunghimire8728","यो देश कहिलै बन्दैन 😭😭 यो देश लिज मा दिय हुन्छं अब 😭😭😭",5,0,8/7/2023
"@KESHAVKHARAL","3 crore ko 30 million hunxa <br>3 million hoina 😀",2,0,8/7/2023
"@hyena1540","As a TU student you are right bro  even i want to go abroad because i made mistake  by choosing tribhuvan university instead tribhuvan airports",96,6,8/7/2023
"@Khimrokamagar20","Yes, this is an serious issue. Our youth they are dreaming to go abroad and settle their government should do something to deal with this issue ASAP!!",6,2,8/7/2023
"@mrnamdak1116","😢😢😢",0,0,8/7/2023
"@alinashahi9605","Bitter reality 😢😢😢",0,0,8/7/2023
"@bijeshshrestha6744","At the moment I live and work here in Nepal, sad part is people trying to provide awareness here are so pitiful and cant provide proper information like population numbers.",2,0,8/7/2023
"@whatsup-mx4bi","I&#39;m thankful to have this type of channels in nepal❤",41,0,8/7/2023
"@purnagurung9301","__Bitter truth 😢😢😢",0,0,8/7/2023
"@AavasGhimiray","Harek friday 8pm ma post hunxa vanne suneko the 🙄🙄🙄🙄",0,0,8/7/2023
"@sosherpa81","<a href=""https://www.youtube.com/watch?v=_t2MyMVqddw&amp;t=164"">2:44</a> 😲😲",1,0,8/7/2023
"@gaurav.69420","👇like if you are planning to go abroad for study in future",1,0,8/7/2023
"@ideasnepal1273","mean while nepali politicians still craving for corruption",0,0,8/7/2023
"@Yetimandu","Bro, you’re doing great job by making informative videos. Keep it up.",21,0,8/7/2023
"@snitchdo3758","This really hearts 😢😢😢😢",4,1,8/7/2023
"@shaktisubedi8861","bachelor padna nepal basyakaa70-85% regret bhaeraakaxan nepal basyara",5,0,8/7/2023
"@yatharthashrestha7668","NOT 3 million it&#39;s 30 million population",2,1,8/7/2023
"@AZ.funpark","खुब देशको चिन्ता भए जस्तो क्या।।नेपाली सेना विवादमा चुइँक्क बोल्यौ र?????",0,0,8/7/2023
"@dexterisdiwap","don&#39;t put flash as transition. thats not a good videography if you want to think from viewers perspectives. It really distracts.",1,0,8/7/2023
"@whYThandle","This really hits close to home. Aile ko bela ta if a student jolle mehenat garera ramro sanga padhna sakxa  has only so few options if he/she wants to secure their future. Kita Kathmandu ayera interest na bhayeni MBBS/engineering/CA jasta course whose scope is slowly drying in the country liyera padha kita Bidesh nai jau. Aru course haru liyeni gambling jasto situation huna aunxa (Ramro job payela kinai, ramro k bhanne job nai payela ki nai bhanera) . At least bidesh ma gayera bhada Majera bhayeni money source hunxa ra ramro garna sake afno future gen ko life ta secure hunxani. These are the thoughts that every student has in their mind.",18,0,8/7/2023
"@nischalguragain7289","I am in UAE right now doing my internship . Yeta aya pachi desh ko halat dhekhera auna maan lagako chaina. Ayera k garna politics ra economy dekhera hope nai audaina k garna vhanera . Din dinai corruption crime",9,0,8/7/2023
"@thanos3665-e4k","Ma bidesh najane vanera Nepal baseko. Startup pani cha thikai chalirako cha ra morning ma  class padhune  garya chu. Kamai naramro chaina. Tara aba chai yaha pugyo jasto lagna thaleko  cha. Main<br> Reasons chai security needs and government facilities. Uta Jane bittikai yaha ko jasto ta hune haina tara jane decision banaudai chu. Euta arko reason yaha vane jasto sathi chai chainan kohi US kohi Canada testai chan. Malai pull factor le vanda pani push factor le badhi effect gariraa kocha decision lina ko lagi. Ajhai pani government le ramro policy banaye jadina vaniraa chu heram k huncha.",3,0,8/7/2023
"@mavric7174","30million",1,0,8/7/2023
"@gaganshahi5578","30 million hunxa solti 3 crore vaneko",0,0,8/7/2023
"@gwbikas3760","Professional research channel in nepal i had never seen",4,0,8/7/2023
"@pradeepshrestha666","this is a reality of nepali people 😢😢😢😢",4,0,8/7/2023
"@MOTIVARE2","Dai ko afno podcast ko reach(views)  increase garna technique",3,0,8/7/2023
"@yonzon8231","Bitter But It’s Truth Reality Of Our Country 😢",5,0,8/7/2023
"@RajBam86","Are you think TU is going as world going?",0,0,8/7/2023
"@sailendraPradhananga","PS: Be careful reading the statistics and visualization out here as the video is disclaimed for educational pupose !!! The figures he puts in - 3 million,  should have been 30 million because1 crore is equal to 10 millions . And something is wrong with the bar chart at the start . It doesn&#39;t make sense. The yellow bar should have been way down . No way irepresents the yellow bar represents 1/6 (56 lakh) of the total sum (presuming the white bar reads 3 crores not 3 million).",24,5,8/7/2023
"@bibashthapa123","Aajhai hal vote surya, rukh,hasiya hatouda ma🤣<br>Thukka veda hruuu",0,0,8/7/2023
"@sandeshshrestha11","It&#39;s reality ..",0,0,8/7/2023
"@raulbajimaya8959","Tapai haru jastai manche politics maa janu paryo.. desh maa basum ki socheko tara maan mardai gacha sabai bujhda...",0,0,8/7/2023
"@himalpandey955","Planning old age care business",1,0,8/7/2023
"@navrajbashyal355","Bro, make video on &quot;Why businesses in Nepal aren&#39;t successful over country.",21,0,8/7/2023
"@tilakrana5590","There is no reason to stay in Nepal except  parents and family.<br><br>￼",8,0,8/7/2023
"@samirgrg8923","12 pass hune bitikai <br>Sab ielts pte garera Australia Canada new Zealand tarfa.",3,0,8/7/2023
"@sarcasticboy540","my heartbeat is increasing at very faster rate",8,1,8/7/2023
"@Ganesh.Budha.kshetri","Ma pani bachelor (BBA)  sakera baseko kaam xain<br>Kina basnu Nepal",0,0,8/7/2023
"@bhanja7652","100 kilo gold ko barema kina kunai youtuber le nadekhako????🤔🤔🤔",0,1,8/7/2023
"@siddharthakunwar4642","Make a research video on Michael_kobold pls !",8,0,8/7/2023
"@kulbahadurthapakunwar6851","Ke pura nepali ke pura english bolna paroo k bro yr yo nepangaraji aali vayana",0,0,8/7/2023
"@rushfit6895","But in trend people are shouting go to your own village? why you came here in cities living agriculture lands and house ?so why because there is nothing provided by the govt?",0,0,8/7/2023
"@bhanja7652","❤️❤️❤️",0,0,8/7/2023
"@unknownunknown-ql6iz","nice content very informative",0,0,8/7/2023
"@surendramahar180","we want continuously this type of podcast on this channel",113,2,8/7/2023
"@Saggarsigdel","I felt it when he says hamro sathi ko circle syanosyano hudai gaxa sav baira gayara",13,0,8/7/2023
"@manishdahal5698","Content ko kammi vako ho IDS bro?",1,0,8/7/2023
"@manishchhetri5052","Mailey first time deakhea hoi dai lai ❤️❤️ <br><a href=""http://www.youtube.com/results?search_query=%23realityofournepal"">#realityofournepal</a> 😢",12,0,8/7/2023
"@AabhushanD","You are great brother I appreciate you and your team❤❤",12,0,8/7/2023
"@zerefrtamang2938","Abo tamang controversy barama video yoo chaiyo ???",3,2,8/7/2023
"@Plastic_Surgery_Pokhara","Ma kunai party ko jhole nabhako le ma bahira janu badhya chu",3,0,8/7/2023
"@ujjwaldhungana1932","Your interview taste like bitter sirup but i have my uk flight on  August 22",5,0,8/7/2023
"@arunchapagai1139","What a reserch dajuu. Hands upp",5,0,8/7/2023
"@subashhamal1412","Bidesh gayena vane you are a failure. Sad reality.",1,0,8/7/2023
"@Pranjal_Gyawali007","yes bro we want face reveal video.",3,3,8/7/2023
"@pikachugurung","नेपालीहरू विदेश गैरा’को छैन; देश छोडीरा’को छ। This is deep😢",388,21,8/7/2023
"@INDepthStory","Last week, we went to The Sushant Pradhan Podcast, and we talked about IN-Depth Story, Politics, Media, Brain Drain, Movies and many more. <br>Link to the podcast;<br><br><a href=""https://www.youtube.com/watch?v=lk9CCsedKdg"">https://youtu.be/lk9CCsedKdg</a>",46,1,8/7/2023
"@tekbirmagar057","I&#39;m studying BBs third year right now . But , Most of my classmates already went to out country after+2 and they almost settle their life there. But , im here in nepal IDK what i have to do ? Our education system is totally frustrating and disappointing for students like me . 😢😡",128,10,8/7/2023
"@creator-ND","Watching while premièring",0,0,8/7/2023
"@sandesh-t3z","full podcast  hari sakya",1,0,8/7/2023
"@radeepthakuri4562","I&#39;m 20 but felted manxe bidesh gayrako xain k manxe desh xadi rako xa 😓🥺🩹",18,0,8/7/2023
"@Fulmaya2976","Hello",0,0,8/7/2023
"@SumiranLamichhane-l1r","hlw sir <br>you are a best sir❤",2,0,8/7/2023
"@bishalgupta8845","Getting ready",0,0,8/7/2023